{
    "character": [
        {
            "name": "Kanade",
            "head_width": 72.00694410957877,
            "body_width_ratio": 0.8342938854908418,
            "body_height_ratio": 2.292287181121267,
            "shoulder_ratio": 0.20794707139869506,
            "arm_info_ratio": [
                1.2126748339938527,
                1.0337188814619305
            ],
            "leg_info_ratio": [
                1.7440223245990538,
                1.8683351441636007
            ]
        }
    ]
}