2025-06-07 22:05:28.642 | INFO     | __main__:<module>:11 - Start Time: 2025-06-07 22:05:28.642775
2025-06-07 22:05:29.142 | INFO     | __main__:<module>:26 - Yolov7-Pose Model is successfully loaded
2025-06-07 22:05:29.161 | INFO     | __main__:__init__:59 - Video is successfully loaded
2025-06-07 22:05:29.161 | INFO     | __main__:__init__:62 - front video frames: 60.0 left video frames:60.0 right video frames: 60.0
2025-06-07 22:05:29.161 | INFO     | __main__:__init__:66 - video frames: 60.0
2025-06-07 22:05:46.748 | INFO     | __main__:<module>:148 - Build database completely
2025-06-07 22:05:46.749 | INFO     | __main__:<module>:149 - Total time: 17.586618423461914s
2025-06-07 22:05:46.988 | INFO     | __main__:<module>:184 - INSERT INTO frame_0 (ID, X, Y, Z) VALUES ('nose', 467, 58,507);
2025-06-07 22:05:47.000 | INFO     | __main__:<module>:184 - INSERT INTO frame_0 (ID, X, Y, Z) VALUES ('left_eye', 480, 52,425);
2025-06-07 22:05:47.005 | INFO     | __main__:<module>:184 - INSERT INTO frame_0 (ID, X, Y, Z) VALUES ('right_eye', 454, 52,500);
2025-06-07 22:05:47.015 | INFO     | __main__:<module>:184 - INSERT INTO frame_0 (ID, X, Y, Z) VALUES ('left_ear', 498, 76,454);
2025-06-07 22:05:47.016 | INFO     | __main__:<module>:184 - INSERT INTO frame_0 (ID, X, Y, Z) VALUES ('right_ear', 435, 75,467);
2025-06-07 22:05:47.028 | INFO     | __main__:<module>:184 - INSERT INTO frame_0 (ID, X, Y, Z) VALUES ('left_shoulder', 534, 141,467);
2025-06-07 22:05:47.033 | INFO     | __main__:<module>:184 - INSERT INTO frame_0 (ID, X, Y, Z) VALUES ('right_shoulder', 407, 147,465);
2025-06-07 22:05:47.042 | INFO     | __main__:<module>:184 - INSERT INTO frame_0 (ID, X, Y, Z) VALUES ('left_elbow', 565, 237,458);
2025-06-07 22:05:47.052 | INFO     | __main__:<module>:184 - INSERT INTO frame_0 (ID, X, Y, Z) VALUES ('right_elbow', 382, 250,480);
2025-06-07 22:05:47.055 | INFO     | __main__:<module>:184 - INSERT INTO frame_0 (ID, X, Y, Z) VALUES ('left_wrist', 572, 323,420);
2025-06-07 22:05:47.067 | INFO     | __main__:<module>:184 - INSERT INTO frame_0 (ID, X, Y, Z) VALUES ('right_wrist', 383, 341,533);
2025-06-07 22:05:47.075 | INFO     | __main__:<module>:184 - INSERT INTO frame_0 (ID, X, Y, Z) VALUES ('left_hip', 518, 320,464);
2025-06-07 22:05:47.082 | INFO     | __main__:<module>:184 - INSERT INTO frame_0 (ID, X, Y, Z) VALUES ('right_hip', 435, 322,473);
2025-06-07 22:05:47.089 | INFO     | __main__:<module>:184 - INSERT INTO frame_0 (ID, X, Y, Z) VALUES ('left_knee', 521, 490,464);
2025-06-07 22:05:47.097 | INFO     | __main__:<module>:184 - INSERT INTO frame_0 (ID, X, Y, Z) VALUES ('right_knee', 452, 494,484);
2025-06-07 22:05:47.105 | INFO     | __main__:<module>:184 - INSERT INTO frame_0 (ID, X, Y, Z) VALUES ('left_ankle', 527, 654,479);
2025-06-07 22:05:47.111 | INFO     | __main__:<module>:184 - INSERT INTO frame_0 (ID, X, Y, Z) VALUES ('right_ankle', 471, 655,470);
2025-06-07 22:05:47.114 | INFO     | __main__:<module>:184 - INSERT INTO frame_1 (ID, X, Y, Z) VALUES ('nose', 467, 58,506);
2025-06-07 22:05:47.125 | INFO     | __main__:<module>:184 - INSERT INTO frame_1 (ID, X, Y, Z) VALUES ('left_eye', 480, 52,425);
2025-06-07 22:05:47.132 | INFO     | __main__:<module>:184 - INSERT INTO frame_1 (ID, X, Y, Z) VALUES ('right_eye', 454, 53,499);
2025-06-07 22:05:47.135 | INFO     | __main__:<module>:184 - INSERT INTO frame_1 (ID, X, Y, Z) VALUES ('left_ear', 497, 75,456);
2025-06-07 22:05:47.148 | INFO     | __main__:<module>:184 - INSERT INTO frame_1 (ID, X, Y, Z) VALUES ('right_ear', 435, 75,466);
2025-06-07 22:05:47.152 | INFO     | __main__:<module>:184 - INSERT INTO frame_1 (ID, X, Y, Z) VALUES ('left_shoulder', 534, 141,467);
2025-06-07 22:05:47.162 | INFO     | __main__:<module>:184 - INSERT INTO frame_1 (ID, X, Y, Z) VALUES ('right_shoulder', 407, 148,464);
2025-06-07 22:05:47.173 | INFO     | __main__:<module>:184 - INSERT INTO frame_1 (ID, X, Y, Z) VALUES ('left_elbow', 565, 236,458);
2025-06-07 22:05:47.175 | INFO     | __main__:<module>:184 - INSERT INTO frame_1 (ID, X, Y, Z) VALUES ('right_elbow', 382, 251,481);
2025-06-07 22:05:47.188 | INFO     | __main__:<module>:184 - INSERT INTO frame_1 (ID, X, Y, Z) VALUES ('left_wrist', 572, 323,420);
2025-06-07 22:05:47.199 | INFO     | __main__:<module>:184 - INSERT INTO frame_1 (ID, X, Y, Z) VALUES ('right_wrist', 383, 341,533);
2025-06-07 22:05:47.201 | INFO     | __main__:<module>:184 - INSERT INTO frame_1 (ID, X, Y, Z) VALUES ('left_hip', 518, 318,463);
2025-06-07 22:05:47.215 | INFO     | __main__:<module>:184 - INSERT INTO frame_1 (ID, X, Y, Z) VALUES ('right_hip', 435, 320,473);
2025-06-07 22:05:47.220 | INFO     | __main__:<module>:184 - INSERT INTO frame_1 (ID, X, Y, Z) VALUES ('left_knee', 522, 488,462);
2025-06-07 22:05:47.228 | INFO     | __main__:<module>:184 - INSERT INTO frame_1 (ID, X, Y, Z) VALUES ('right_knee', 452, 493,484);
2025-06-07 22:05:47.238 | INFO     | __main__:<module>:184 - INSERT INTO frame_1 (ID, X, Y, Z) VALUES ('left_ankle', 529, 651,478);
2025-06-07 22:05:47.242 | INFO     | __main__:<module>:184 - INSERT INTO frame_1 (ID, X, Y, Z) VALUES ('right_ankle', 470, 653,471);
2025-06-07 22:05:47.252 | INFO     | __main__:<module>:184 - INSERT INTO frame_2 (ID, X, Y, Z) VALUES ('nose', 467, 58,505);
2025-06-07 22:05:47.255 | INFO     | __main__:<module>:184 - INSERT INTO frame_2 (ID, X, Y, Z) VALUES ('left_eye', 480, 52,425);
2025-06-07 22:05:47.265 | INFO     | __main__:<module>:184 - INSERT INTO frame_2 (ID, X, Y, Z) VALUES ('right_eye', 454, 53,499);
2025-06-07 22:05:47.274 | INFO     | __main__:<module>:184 - INSERT INTO frame_2 (ID, X, Y, Z) VALUES ('left_ear', 497, 75,455);
2025-06-07 22:05:47.282 | INFO     | __main__:<module>:184 - INSERT INTO frame_2 (ID, X, Y, Z) VALUES ('right_ear', 435, 75,466);
2025-06-07 22:05:47.289 | INFO     | __main__:<module>:184 - INSERT INTO frame_2 (ID, X, Y, Z) VALUES ('left_shoulder', 534, 141,467);
2025-06-07 22:05:47.295 | INFO     | __main__:<module>:184 - INSERT INTO frame_2 (ID, X, Y, Z) VALUES ('right_shoulder', 407, 148,464);
2025-06-07 22:05:47.303 | INFO     | __main__:<module>:184 - INSERT INTO frame_2 (ID, X, Y, Z) VALUES ('left_elbow', 565, 237,458);
2025-06-07 22:05:47.308 | INFO     | __main__:<module>:184 - INSERT INTO frame_2 (ID, X, Y, Z) VALUES ('right_elbow', 382, 251,481);
2025-06-07 22:05:47.317 | INFO     | __main__:<module>:184 - INSERT INTO frame_2 (ID, X, Y, Z) VALUES ('left_wrist', 572, 323,420);
2025-06-07 22:05:47.322 | INFO     | __main__:<module>:184 - INSERT INTO frame_2 (ID, X, Y, Z) VALUES ('right_wrist', 382, 341,533);
2025-06-07 22:05:47.331 | INFO     | __main__:<module>:184 - INSERT INTO frame_2 (ID, X, Y, Z) VALUES ('left_hip', 518, 318,463);
2025-06-07 22:05:47.337 | INFO     | __main__:<module>:184 - INSERT INTO frame_2 (ID, X, Y, Z) VALUES ('right_hip', 435, 321,473);
2025-06-07 22:05:47.346 | INFO     | __main__:<module>:184 - INSERT INTO frame_2 (ID, X, Y, Z) VALUES ('left_knee', 523, 489,463);
2025-06-07 22:05:47.352 | INFO     | __main__:<module>:184 - INSERT INTO frame_2 (ID, X, Y, Z) VALUES ('right_knee', 452, 493,484);
2025-06-07 22:05:47.362 | INFO     | __main__:<module>:184 - INSERT INTO frame_2 (ID, X, Y, Z) VALUES ('left_ankle', 530, 651,478);
2025-06-07 22:05:47.372 | INFO     | __main__:<module>:184 - INSERT INTO frame_2 (ID, X, Y, Z) VALUES ('right_ankle', 471, 653,470);
2025-06-07 22:05:47.380 | INFO     | __main__:<module>:184 - INSERT INTO frame_3 (ID, X, Y, Z) VALUES ('nose', 467, 58,505);
2025-06-07 22:05:47.389 | INFO     | __main__:<module>:184 - INSERT INTO frame_3 (ID, X, Y, Z) VALUES ('left_eye', 480, 52,426);
2025-06-07 22:05:47.398 | INFO     | __main__:<module>:184 - INSERT INTO frame_3 (ID, X, Y, Z) VALUES ('right_eye', 454, 53,499);
2025-06-07 22:05:47.402 | INFO     | __main__:<module>:184 - INSERT INTO frame_3 (ID, X, Y, Z) VALUES ('left_ear', 497, 76,456);
2025-06-07 22:05:47.413 | INFO     | __main__:<module>:184 - INSERT INTO frame_3 (ID, X, Y, Z) VALUES ('right_ear', 435, 75,466);
2025-06-07 22:05:47.419 | INFO     | __main__:<module>:184 - INSERT INTO frame_3 (ID, X, Y, Z) VALUES ('left_shoulder', 533, 141,467);
2025-06-07 22:05:47.429 | INFO     | __main__:<module>:184 - INSERT INTO frame_3 (ID, X, Y, Z) VALUES ('right_shoulder', 406, 147,464);
2025-06-07 22:05:47.429 | INFO     | __main__:<module>:184 - INSERT INTO frame_3 (ID, X, Y, Z) VALUES ('left_elbow', 565, 236,458);
2025-06-07 22:05:47.442 | INFO     | __main__:<module>:184 - INSERT INTO frame_3 (ID, X, Y, Z) VALUES ('right_elbow', 382, 251,481);
2025-06-07 22:05:47.453 | INFO     | __main__:<module>:184 - INSERT INTO frame_3 (ID, X, Y, Z) VALUES ('left_wrist', 572, 323,420);
2025-06-07 22:05:47.460 | INFO     | __main__:<module>:184 - INSERT INTO frame_3 (ID, X, Y, Z) VALUES ('right_wrist', 383, 342,533);
2025-06-07 22:05:47.469 | INFO     | __main__:<module>:184 - INSERT INTO frame_3 (ID, X, Y, Z) VALUES ('left_hip', 518, 317,463);
2025-06-07 22:05:47.478 | INFO     | __main__:<module>:184 - INSERT INTO frame_3 (ID, X, Y, Z) VALUES ('right_hip', 435, 320,473);
2025-06-07 22:05:47.485 | INFO     | __main__:<module>:184 - INSERT INTO frame_3 (ID, X, Y, Z) VALUES ('left_knee', 524, 486,463);
2025-06-07 22:05:47.492 | INFO     | __main__:<module>:184 - INSERT INTO frame_3 (ID, X, Y, Z) VALUES ('right_knee', 452, 491,485);
2025-06-07 22:05:47.495 | INFO     | __main__:<module>:184 - INSERT INTO frame_3 (ID, X, Y, Z) VALUES ('left_ankle', 532, 645,478);
2025-06-07 22:05:47.508 | INFO     | __main__:<module>:184 - INSERT INTO frame_3 (ID, X, Y, Z) VALUES ('right_ankle', 471, 648,470);
2025-06-07 22:05:47.508 | INFO     | __main__:<module>:184 - INSERT INTO frame_4 (ID, X, Y, Z) VALUES ('nose', 467, 58,505);
2025-06-07 22:05:47.523 | INFO     | __main__:<module>:184 - INSERT INTO frame_4 (ID, X, Y, Z) VALUES ('left_eye', 480, 52,426);
2025-06-07 22:05:47.533 | INFO     | __main__:<module>:184 - INSERT INTO frame_4 (ID, X, Y, Z) VALUES ('right_eye', 454, 53,499);
2025-06-07 22:05:47.537 | INFO     | __main__:<module>:184 - INSERT INTO frame_4 (ID, X, Y, Z) VALUES ('left_ear', 497, 76,455);
2025-06-07 22:05:47.548 | INFO     | __main__:<module>:184 - INSERT INTO frame_4 (ID, X, Y, Z) VALUES ('right_ear', 435, 75,466);
2025-06-07 22:05:47.554 | INFO     | __main__:<module>:184 - INSERT INTO frame_4 (ID, X, Y, Z) VALUES ('left_shoulder', 533, 141,467);
2025-06-07 22:05:47.565 | INFO     | __main__:<module>:184 - INSERT INTO frame_4 (ID, X, Y, Z) VALUES ('right_shoulder', 406, 148,464);
2025-06-07 22:05:47.573 | INFO     | __main__:<module>:184 - INSERT INTO frame_4 (ID, X, Y, Z) VALUES ('left_elbow', 565, 236,458);
2025-06-07 22:05:47.582 | INFO     | __main__:<module>:184 - INSERT INTO frame_4 (ID, X, Y, Z) VALUES ('right_elbow', 382, 251,481);
2025-06-07 22:05:47.590 | INFO     | __main__:<module>:184 - INSERT INTO frame_4 (ID, X, Y, Z) VALUES ('left_wrist', 572, 323,420);
2025-06-07 22:05:47.598 | INFO     | __main__:<module>:184 - INSERT INTO frame_4 (ID, X, Y, Z) VALUES ('right_wrist', 383, 343,533);
2025-06-07 22:05:47.606 | INFO     | __main__:<module>:184 - INSERT INTO frame_4 (ID, X, Y, Z) VALUES ('left_hip', 518, 318,462);
2025-06-07 22:05:47.614 | INFO     | __main__:<module>:184 - INSERT INTO frame_4 (ID, X, Y, Z) VALUES ('right_hip', 435, 321,473);
2025-06-07 22:05:47.621 | INFO     | __main__:<module>:184 - INSERT INTO frame_4 (ID, X, Y, Z) VALUES ('left_knee', 523, 489,463);
2025-06-07 22:05:47.629 | INFO     | __main__:<module>:184 - INSERT INTO frame_4 (ID, X, Y, Z) VALUES ('right_knee', 453, 495,485);
2025-06-07 22:05:47.637 | INFO     | __main__:<module>:184 - INSERT INTO frame_4 (ID, X, Y, Z) VALUES ('left_ankle', 531, 650,478);
2025-06-07 22:05:47.645 | INFO     | __main__:<module>:184 - INSERT INTO frame_4 (ID, X, Y, Z) VALUES ('right_ankle', 472, 652,470);
2025-06-07 22:05:47.655 | INFO     | __main__:<module>:184 - INSERT INTO frame_5 (ID, X, Y, Z) VALUES ('nose', 467, 58,505);
2025-06-07 22:05:47.655 | INFO     | __main__:<module>:184 - INSERT INTO frame_5 (ID, X, Y, Z) VALUES ('left_eye', 480, 52,426);
2025-06-07 22:05:47.669 | INFO     | __main__:<module>:184 - INSERT INTO frame_5 (ID, X, Y, Z) VALUES ('right_eye', 453, 53,498);
2025-06-07 22:05:47.679 | INFO     | __main__:<module>:184 - INSERT INTO frame_5 (ID, X, Y, Z) VALUES ('left_ear', 497, 76,455);
2025-06-07 22:05:47.682 | INFO     | __main__:<module>:184 - INSERT INTO frame_5 (ID, X, Y, Z) VALUES ('right_ear', 435, 76,466);
2025-06-07 22:05:47.697 | INFO     | __main__:<module>:184 - INSERT INTO frame_5 (ID, X, Y, Z) VALUES ('left_shoulder', 533, 141,467);
2025-06-07 22:05:47.705 | INFO     | __main__:<module>:184 - INSERT INTO frame_5 (ID, X, Y, Z) VALUES ('right_shoulder', 407, 147,464);
2025-06-07 22:05:47.711 | INFO     | __main__:<module>:184 - INSERT INTO frame_5 (ID, X, Y, Z) VALUES ('left_elbow', 565, 236,458);
2025-06-07 22:05:47.719 | INFO     | __main__:<module>:184 - INSERT INTO frame_5 (ID, X, Y, Z) VALUES ('right_elbow', 381, 251,481);
2025-06-07 22:05:47.722 | INFO     | __main__:<module>:184 - INSERT INTO frame_5 (ID, X, Y, Z) VALUES ('left_wrist', 572, 323,420);
2025-06-07 22:05:47.735 | INFO     | __main__:<module>:184 - INSERT INTO frame_5 (ID, X, Y, Z) VALUES ('right_wrist', 381, 341,532);
2025-06-07 22:05:47.735 | INFO     | __main__:<module>:184 - INSERT INTO frame_5 (ID, X, Y, Z) VALUES ('left_hip', 518, 318,462);
2025-06-07 22:05:47.753 | INFO     | __main__:<module>:184 - INSERT INTO frame_5 (ID, X, Y, Z) VALUES ('right_hip', 435, 321,474);
2025-06-07 22:05:47.760 | INFO     | __main__:<module>:184 - INSERT INTO frame_5 (ID, X, Y, Z) VALUES ('left_knee', 523, 489,463);
2025-06-07 22:05:47.762 | INFO     | __main__:<module>:184 - INSERT INTO frame_5 (ID, X, Y, Z) VALUES ('right_knee', 453, 495,485);
2025-06-07 22:05:47.776 | INFO     | __main__:<module>:184 - INSERT INTO frame_5 (ID, X, Y, Z) VALUES ('left_ankle', 531, 649,478);
2025-06-07 22:05:47.786 | INFO     | __main__:<module>:184 - INSERT INTO frame_5 (ID, X, Y, Z) VALUES ('right_ankle', 472, 652,471);
2025-06-07 22:05:47.791 | INFO     | __main__:<module>:184 - INSERT INTO frame_6 (ID, X, Y, Z) VALUES ('nose', 467, 58,504);
2025-06-07 22:05:47.802 | INFO     | __main__:<module>:184 - INSERT INTO frame_6 (ID, X, Y, Z) VALUES ('left_eye', 480, 52,426);
2025-06-07 22:05:47.802 | INFO     | __main__:<module>:184 - INSERT INTO frame_6 (ID, X, Y, Z) VALUES ('right_eye', 453, 53,498);
2025-06-07 22:05:47.817 | INFO     | __main__:<module>:184 - INSERT INTO frame_6 (ID, X, Y, Z) VALUES ('left_ear', 497, 76,455);
2025-06-07 22:05:47.817 | INFO     | __main__:<module>:184 - INSERT INTO frame_6 (ID, X, Y, Z) VALUES ('right_ear', 435, 76,465);
2025-06-07 22:05:47.831 | INFO     | __main__:<module>:184 - INSERT INTO frame_6 (ID, X, Y, Z) VALUES ('left_shoulder', 533, 141,467);
2025-06-07 22:05:47.839 | INFO     | __main__:<module>:184 - INSERT INTO frame_6 (ID, X, Y, Z) VALUES ('right_shoulder', 407, 147,464);
2025-06-07 22:05:47.842 | INFO     | __main__:<module>:184 - INSERT INTO frame_6 (ID, X, Y, Z) VALUES ('left_elbow', 565, 236,458);
2025-06-07 22:05:47.853 | INFO     | __main__:<module>:184 - INSERT INTO frame_6 (ID, X, Y, Z) VALUES ('right_elbow', 382, 250,480);
2025-06-07 22:05:47.861 | INFO     | __main__:<module>:184 - INSERT INTO frame_6 (ID, X, Y, Z) VALUES ('left_wrist', 572, 323,420);
2025-06-07 22:05:47.868 | INFO     | __main__:<module>:184 - INSERT INTO frame_6 (ID, X, Y, Z) VALUES ('right_wrist', 381, 340,533);
2025-06-07 22:05:47.876 | INFO     | __main__:<module>:184 - INSERT INTO frame_6 (ID, X, Y, Z) VALUES ('left_hip', 518, 318,463);
2025-06-07 22:05:47.883 | INFO     | __main__:<module>:184 - INSERT INTO frame_6 (ID, X, Y, Z) VALUES ('right_hip', 435, 321,474);
2025-06-07 22:05:47.885 | INFO     | __main__:<module>:184 - INSERT INTO frame_6 (ID, X, Y, Z) VALUES ('left_knee', 523, 489,465);
2025-06-07 22:05:47.895 | INFO     | __main__:<module>:184 - INSERT INTO frame_6 (ID, X, Y, Z) VALUES ('right_knee', 453, 496,485);
2025-06-07 22:05:47.904 | INFO     | __main__:<module>:184 - INSERT INTO frame_6 (ID, X, Y, Z) VALUES ('left_ankle', 532, 649,479);
2025-06-07 22:05:47.909 | INFO     | __main__:<module>:184 - INSERT INTO frame_6 (ID, X, Y, Z) VALUES ('right_ankle', 472, 653,469);
2025-06-07 22:05:47.917 | INFO     | __main__:<module>:184 - INSERT INTO frame_7 (ID, X, Y, Z) VALUES ('nose', 467, 58,504);
2025-06-07 22:05:47.925 | INFO     | __main__:<module>:184 - INSERT INTO frame_7 (ID, X, Y, Z) VALUES ('left_eye', 480, 52,426);
2025-06-07 22:05:47.932 | INFO     | __main__:<module>:184 - INSERT INTO frame_7 (ID, X, Y, Z) VALUES ('right_eye', 453, 53,498);
2025-06-07 22:05:47.935 | INFO     | __main__:<module>:184 - INSERT INTO frame_7 (ID, X, Y, Z) VALUES ('left_ear', 497, 76,455);
2025-06-07 22:05:47.947 | INFO     | __main__:<module>:184 - INSERT INTO frame_7 (ID, X, Y, Z) VALUES ('right_ear', 435, 76,465);
2025-06-07 22:05:47.956 | INFO     | __main__:<module>:184 - INSERT INTO frame_7 (ID, X, Y, Z) VALUES ('left_shoulder', 533, 141,467);
2025-06-07 22:05:47.963 | INFO     | __main__:<module>:184 - INSERT INTO frame_7 (ID, X, Y, Z) VALUES ('right_shoulder', 407, 147,464);
2025-06-07 22:05:47.968 | INFO     | __main__:<module>:184 - INSERT INTO frame_7 (ID, X, Y, Z) VALUES ('left_elbow', 565, 236,458);
2025-06-07 22:05:47.980 | INFO     | __main__:<module>:184 - INSERT INTO frame_7 (ID, X, Y, Z) VALUES ('right_elbow', 382, 250,480);
2025-06-07 22:05:47.987 | INFO     | __main__:<module>:184 - INSERT INTO frame_7 (ID, X, Y, Z) VALUES ('left_wrist', 572, 323,420);
2025-06-07 22:05:47.989 | INFO     | __main__:<module>:184 - INSERT INTO frame_7 (ID, X, Y, Z) VALUES ('right_wrist', 381, 340,533);
2025-06-07 22:05:48.002 | INFO     | __main__:<module>:184 - INSERT INTO frame_7 (ID, X, Y, Z) VALUES ('left_hip', 518, 318,463);
2025-06-07 22:05:48.010 | INFO     | __main__:<module>:184 - INSERT INTO frame_7 (ID, X, Y, Z) VALUES ('right_hip', 435, 320,474);
2025-06-07 22:05:48.015 | INFO     | __main__:<module>:184 - INSERT INTO frame_7 (ID, X, Y, Z) VALUES ('left_knee', 522, 489,465);
2025-06-07 22:05:48.026 | INFO     | __main__:<module>:184 - INSERT INTO frame_7 (ID, X, Y, Z) VALUES ('right_knee', 453, 496,485);
2025-06-07 22:05:48.034 | INFO     | __main__:<module>:184 - INSERT INTO frame_7 (ID, X, Y, Z) VALUES ('left_ankle', 529, 650,479);
2025-06-07 22:05:48.042 | INFO     | __main__:<module>:184 - INSERT INTO frame_7 (ID, X, Y, Z) VALUES ('right_ankle', 472, 653,469);
2025-06-07 22:05:48.042 | INFO     | __main__:<module>:184 - INSERT INTO frame_8 (ID, X, Y, Z) VALUES ('nose', 467, 58,507);
2025-06-07 22:05:48.059 | INFO     | __main__:<module>:184 - INSERT INTO frame_8 (ID, X, Y, Z) VALUES ('left_eye', 480, 53,425);
2025-06-07 22:05:48.066 | INFO     | __main__:<module>:184 - INSERT INTO frame_8 (ID, X, Y, Z) VALUES ('right_eye', 454, 53,499);
2025-06-07 22:05:48.077 | INFO     | __main__:<module>:184 - INSERT INTO frame_8 (ID, X, Y, Z) VALUES ('left_ear', 497, 77,458);
2025-06-07 22:05:48.087 | INFO     | __main__:<module>:184 - INSERT INTO frame_8 (ID, X, Y, Z) VALUES ('right_ear', 436, 77,466);
2025-06-07 22:05:48.095 | INFO     | __main__:<module>:184 - INSERT INTO frame_8 (ID, X, Y, Z) VALUES ('left_shoulder', 533, 141,468);
2025-06-07 22:05:48.102 | INFO     | __main__:<module>:184 - INSERT INTO frame_8 (ID, X, Y, Z) VALUES ('right_shoulder', 406, 148,465);
2025-06-07 22:05:48.111 | INFO     | __main__:<module>:184 - INSERT INTO frame_8 (ID, X, Y, Z) VALUES ('left_elbow', 564, 234,459);
2025-06-07 22:05:48.118 | INFO     | __main__:<module>:184 - INSERT INTO frame_8 (ID, X, Y, Z) VALUES ('right_elbow', 382, 251,483);
2025-06-07 22:05:48.125 | INFO     | __main__:<module>:184 - INSERT INTO frame_8 (ID, X, Y, Z) VALUES ('left_wrist', 572, 322,421);
2025-06-07 22:05:48.125 | INFO     | __main__:<module>:184 - INSERT INTO frame_8 (ID, X, Y, Z) VALUES ('right_wrist', 381, 341,533);
2025-06-07 22:05:48.141 | INFO     | __main__:<module>:184 - INSERT INTO frame_8 (ID, X, Y, Z) VALUES ('left_hip', 517, 319,463);
2025-06-07 22:05:48.149 | INFO     | __main__:<module>:184 - INSERT INTO frame_8 (ID, X, Y, Z) VALUES ('right_hip', 435, 321,471);
2025-06-07 22:05:48.153 | INFO     | __main__:<module>:184 - INSERT INTO frame_8 (ID, X, Y, Z) VALUES ('left_knee', 520, 495,461);
2025-06-07 22:05:48.165 | INFO     | __main__:<module>:184 - INSERT INTO frame_8 (ID, X, Y, Z) VALUES ('right_knee', 453, 496,486);
2025-06-07 22:05:48.172 | INFO     | __main__:<module>:184 - INSERT INTO frame_8 (ID, X, Y, Z) VALUES ('left_ankle', 527, 663,471);
2025-06-07 22:05:48.176 | INFO     | __main__:<module>:184 - INSERT INTO frame_8 (ID, X, Y, Z) VALUES ('right_ankle', 472, 655,490);
2025-06-07 22:05:48.188 | INFO     | __main__:<module>:184 - INSERT INTO frame_9 (ID, X, Y, Z) VALUES ('nose', 467, 58,507);
2025-06-07 22:05:48.199 | INFO     | __main__:<module>:184 - INSERT INTO frame_9 (ID, X, Y, Z) VALUES ('left_eye', 480, 53,426);
2025-06-07 22:05:48.202 | INFO     | __main__:<module>:184 - INSERT INTO frame_9 (ID, X, Y, Z) VALUES ('right_eye', 453, 53,499);
2025-06-07 22:05:48.215 | INFO     | __main__:<module>:184 - INSERT INTO frame_9 (ID, X, Y, Z) VALUES ('left_ear', 497, 77,459);
2025-06-07 22:05:48.222 | INFO     | __main__:<module>:184 - INSERT INTO frame_9 (ID, X, Y, Z) VALUES ('right_ear', 436, 77,466);
2025-06-07 22:05:48.229 | INFO     | __main__:<module>:184 - INSERT INTO frame_9 (ID, X, Y, Z) VALUES ('left_shoulder', 533, 140,468);
2025-06-07 22:05:48.235 | INFO     | __main__:<module>:184 - INSERT INTO frame_9 (ID, X, Y, Z) VALUES ('right_shoulder', 406, 148,465);
2025-06-07 22:05:48.244 | INFO     | __main__:<module>:184 - INSERT INTO frame_9 (ID, X, Y, Z) VALUES ('left_elbow', 564, 233,459);
2025-06-07 22:05:48.252 | INFO     | __main__:<module>:184 - INSERT INTO frame_9 (ID, X, Y, Z) VALUES ('right_elbow', 382, 251,482);
2025-06-07 22:05:48.257 | INFO     | __main__:<module>:184 - INSERT INTO frame_9 (ID, X, Y, Z) VALUES ('left_wrist', 572, 322,421);
2025-06-07 22:05:48.269 | INFO     | __main__:<module>:184 - INSERT INTO frame_9 (ID, X, Y, Z) VALUES ('right_wrist', 381, 341,532);
2025-06-07 22:05:48.275 | INFO     | __main__:<module>:184 - INSERT INTO frame_9 (ID, X, Y, Z) VALUES ('left_hip', 517, 318,463);
2025-06-07 22:05:48.285 | INFO     | __main__:<module>:184 - INSERT INTO frame_9 (ID, X, Y, Z) VALUES ('right_hip', 435, 321,471);
2025-06-07 22:05:48.290 | INFO     | __main__:<module>:184 - INSERT INTO frame_9 (ID, X, Y, Z) VALUES ('left_knee', 521, 495,461);
2025-06-07 22:05:48.300 | INFO     | __main__:<module>:184 - INSERT INTO frame_9 (ID, X, Y, Z) VALUES ('right_knee', 453, 496,487);
2025-06-07 22:05:48.308 | INFO     | __main__:<module>:184 - INSERT INTO frame_9 (ID, X, Y, Z) VALUES ('left_ankle', 528, 664,472);
2025-06-07 22:05:48.316 | INFO     | __main__:<module>:184 - INSERT INTO frame_9 (ID, X, Y, Z) VALUES ('right_ankle', 471, 657,489);
2025-06-07 22:05:48.324 | INFO     | __main__:<module>:184 - INSERT INTO frame_10 (ID, X, Y, Z) VALUES ('nose', 467, 58,506);
2025-06-07 22:05:48.329 | INFO     | __main__:<module>:184 - INSERT INTO frame_10 (ID, X, Y, Z) VALUES ('left_eye', 480, 53,426);
2025-06-07 22:05:48.339 | INFO     | __main__:<module>:184 - INSERT INTO frame_10 (ID, X, Y, Z) VALUES ('right_eye', 453, 53,499);
2025-06-07 22:05:48.349 | INFO     | __main__:<module>:184 - INSERT INTO frame_10 (ID, X, Y, Z) VALUES ('left_ear', 497, 77,461);
2025-06-07 22:05:48.353 | INFO     | __main__:<module>:184 - INSERT INTO frame_10 (ID, X, Y, Z) VALUES ('right_ear', 436, 77,466);
2025-06-07 22:05:48.366 | INFO     | __main__:<module>:184 - INSERT INTO frame_10 (ID, X, Y, Z) VALUES ('left_shoulder', 533, 140,468);
2025-06-07 22:05:48.374 | INFO     | __main__:<module>:184 - INSERT INTO frame_10 (ID, X, Y, Z) VALUES ('right_shoulder', 406, 148,464);
2025-06-07 22:05:48.381 | INFO     | __main__:<module>:184 - INSERT INTO frame_10 (ID, X, Y, Z) VALUES ('left_elbow', 564, 234,459);
2025-06-07 22:05:48.389 | INFO     | __main__:<module>:184 - INSERT INTO frame_10 (ID, X, Y, Z) VALUES ('right_elbow', 382, 251,482);
2025-06-07 22:05:48.401 | INFO     | __main__:<module>:184 - INSERT INTO frame_10 (ID, X, Y, Z) VALUES ('left_wrist', 572, 322,420);
2025-06-07 22:05:48.405 | INFO     | __main__:<module>:184 - INSERT INTO frame_10 (ID, X, Y, Z) VALUES ('right_wrist', 382, 341,532);
2025-06-07 22:05:48.416 | INFO     | __main__:<module>:184 - INSERT INTO frame_10 (ID, X, Y, Z) VALUES ('left_hip', 517, 317,463);
2025-06-07 22:05:48.416 | INFO     | __main__:<module>:184 - INSERT INTO frame_10 (ID, X, Y, Z) VALUES ('right_hip', 434, 320,471);
2025-06-07 22:05:48.431 | INFO     | __main__:<module>:184 - INSERT INTO frame_10 (ID, X, Y, Z) VALUES ('left_knee', 521, 493,461);
2025-06-07 22:05:48.437 | INFO     | __main__:<module>:184 - INSERT INTO frame_10 (ID, X, Y, Z) VALUES ('right_knee', 453, 494,486);
2025-06-07 22:05:48.442 | INFO     | __main__:<module>:184 - INSERT INTO frame_10 (ID, X, Y, Z) VALUES ('left_ankle', 529, 664,472);
2025-06-07 22:05:48.453 | INFO     | __main__:<module>:184 - INSERT INTO frame_10 (ID, X, Y, Z) VALUES ('right_ankle', 471, 657,486);
2025-06-07 22:05:48.455 | INFO     | __main__:<module>:184 - INSERT INTO frame_11 (ID, X, Y, Z) VALUES ('nose', 467, 58,506);
2025-06-07 22:05:48.471 | INFO     | __main__:<module>:184 - INSERT INTO frame_11 (ID, X, Y, Z) VALUES ('left_eye', 479, 53,426);
2025-06-07 22:05:48.479 | INFO     | __main__:<module>:184 - INSERT INTO frame_11 (ID, X, Y, Z) VALUES ('right_eye', 453, 54,499);
2025-06-07 22:05:48.484 | INFO     | __main__:<module>:184 - INSERT INTO frame_11 (ID, X, Y, Z) VALUES ('left_ear', 497, 77,461);
2025-06-07 22:05:48.496 | INFO     | __main__:<module>:184 - INSERT INTO frame_11 (ID, X, Y, Z) VALUES ('right_ear', 436, 78,466);
2025-06-07 22:05:48.496 | INFO     | __main__:<module>:184 - INSERT INTO frame_11 (ID, X, Y, Z) VALUES ('left_shoulder', 533, 140,468);
2025-06-07 22:05:48.509 | INFO     | __main__:<module>:184 - INSERT INTO frame_11 (ID, X, Y, Z) VALUES ('right_shoulder', 406, 148,464);
2025-06-07 22:05:48.519 | INFO     | __main__:<module>:184 - INSERT INTO frame_11 (ID, X, Y, Z) VALUES ('left_elbow', 564, 234,459);
2025-06-07 22:05:48.523 | INFO     | __main__:<module>:184 - INSERT INTO frame_11 (ID, X, Y, Z) VALUES ('right_elbow', 382, 251,482);
2025-06-07 22:05:48.536 | INFO     | __main__:<module>:184 - INSERT INTO frame_11 (ID, X, Y, Z) VALUES ('left_wrist', 572, 322,420);
2025-06-07 22:05:48.536 | INFO     | __main__:<module>:184 - INSERT INTO frame_11 (ID, X, Y, Z) VALUES ('right_wrist', 381, 340,532);
2025-06-07 22:05:48.554 | INFO     | __main__:<module>:184 - INSERT INTO frame_11 (ID, X, Y, Z) VALUES ('left_hip', 517, 318,463);
2025-06-07 22:05:48.563 | INFO     | __main__:<module>:184 - INSERT INTO frame_11 (ID, X, Y, Z) VALUES ('right_hip', 434, 320,471);
2025-06-07 22:05:48.572 | INFO     | __main__:<module>:184 - INSERT INTO frame_11 (ID, X, Y, Z) VALUES ('left_knee', 522, 495,461);
2025-06-07 22:05:48.579 | INFO     | __main__:<module>:184 - INSERT INTO frame_11 (ID, X, Y, Z) VALUES ('right_knee', 453, 497,486);
2025-06-07 22:05:48.586 | INFO     | __main__:<module>:184 - INSERT INTO frame_11 (ID, X, Y, Z) VALUES ('left_ankle', 529, 666,472);
2025-06-07 22:05:48.596 | INFO     | __main__:<module>:184 - INSERT INTO frame_11 (ID, X, Y, Z) VALUES ('right_ankle', 470, 659,486);
2025-06-07 22:05:48.603 | INFO     | __main__:<module>:184 - INSERT INTO frame_12 (ID, X, Y, Z) VALUES ('nose', 466, 59,506);
2025-06-07 22:05:48.612 | INFO     | __main__:<module>:184 - INSERT INTO frame_12 (ID, X, Y, Z) VALUES ('left_eye', 479, 53,427);
2025-06-07 22:05:48.619 | INFO     | __main__:<module>:184 - INSERT INTO frame_12 (ID, X, Y, Z) VALUES ('right_eye', 453, 54,498);
2025-06-07 22:05:48.626 | INFO     | __main__:<module>:184 - INSERT INTO frame_12 (ID, X, Y, Z) VALUES ('left_ear', 497, 78,463);
2025-06-07 22:05:48.634 | INFO     | __main__:<module>:184 - INSERT INTO frame_12 (ID, X, Y, Z) VALUES ('right_ear', 435, 78,465);
2025-06-07 22:05:48.642 | INFO     | __main__:<module>:184 - INSERT INTO frame_12 (ID, X, Y, Z) VALUES ('left_shoulder', 533, 140,468);
2025-06-07 22:05:48.648 | INFO     | __main__:<module>:184 - INSERT INTO frame_12 (ID, X, Y, Z) VALUES ('right_shoulder', 406, 149,465);
2025-06-07 22:05:48.659 | INFO     | __main__:<module>:184 - INSERT INTO frame_12 (ID, X, Y, Z) VALUES ('left_elbow', 564, 233,458);
2025-06-07 22:05:48.664 | INFO     | __main__:<module>:184 - INSERT INTO frame_12 (ID, X, Y, Z) VALUES ('right_elbow', 382, 252,483);
2025-06-07 22:05:48.673 | INFO     | __main__:<module>:184 - INSERT INTO frame_12 (ID, X, Y, Z) VALUES ('left_wrist', 572, 322,420);
2025-06-07 22:05:48.684 | INFO     | __main__:<module>:184 - INSERT INTO frame_12 (ID, X, Y, Z) VALUES ('right_wrist', 381, 340,534);
2025-06-07 22:05:48.684 | INFO     | __main__:<module>:184 - INSERT INTO frame_12 (ID, X, Y, Z) VALUES ('left_hip', 516, 319,463);
2025-06-07 22:05:48.699 | INFO     | __main__:<module>:184 - INSERT INTO frame_12 (ID, X, Y, Z) VALUES ('right_hip', 434, 321,471);
2025-06-07 22:05:48.708 | INFO     | __main__:<module>:184 - INSERT INTO frame_12 (ID, X, Y, Z) VALUES ('left_knee', 521, 494,460);
2025-06-07 22:05:48.716 | INFO     | __main__:<module>:184 - INSERT INTO frame_12 (ID, X, Y, Z) VALUES ('right_knee', 452, 496,486);
2025-06-07 22:05:48.725 | INFO     | __main__:<module>:184 - INSERT INTO frame_12 (ID, X, Y, Z) VALUES ('left_ankle', 529, 662,467);
2025-06-07 22:05:48.729 | INFO     | __main__:<module>:184 - INSERT INTO frame_12 (ID, X, Y, Z) VALUES ('right_ankle', 469, 658,488);
2025-06-07 22:05:48.740 | INFO     | __main__:<module>:184 - INSERT INTO frame_13 (ID, X, Y, Z) VALUES ('nose', 466, 59,506);
2025-06-07 22:05:48.749 | INFO     | __main__:<module>:184 - INSERT INTO frame_13 (ID, X, Y, Z) VALUES ('left_eye', 479, 53,427);
2025-06-07 22:05:48.754 | INFO     | __main__:<module>:184 - INSERT INTO frame_13 (ID, X, Y, Z) VALUES ('right_eye', 453, 54,498);
2025-06-07 22:05:48.763 | INFO     | __main__:<module>:184 - INSERT INTO frame_13 (ID, X, Y, Z) VALUES ('left_ear', 497, 78,463);
2025-06-07 22:05:48.774 | INFO     | __main__:<module>:184 - INSERT INTO frame_13 (ID, X, Y, Z) VALUES ('right_ear', 436, 78,465);
2025-06-07 22:05:48.781 | INFO     | __main__:<module>:184 - INSERT INTO frame_13 (ID, X, Y, Z) VALUES ('left_shoulder', 533, 140,468);
2025-06-07 22:05:48.789 | INFO     | __main__:<module>:184 - INSERT INTO frame_13 (ID, X, Y, Z) VALUES ('right_shoulder', 406, 149,464);
2025-06-07 22:05:48.800 | INFO     | __main__:<module>:184 - INSERT INTO frame_13 (ID, X, Y, Z) VALUES ('left_elbow', 564, 232,458);
2025-06-07 22:05:48.805 | INFO     | __main__:<module>:184 - INSERT INTO frame_13 (ID, X, Y, Z) VALUES ('right_elbow', 382, 252,482);
2025-06-07 22:05:48.816 | INFO     | __main__:<module>:184 - INSERT INTO frame_13 (ID, X, Y, Z) VALUES ('left_wrist', 572, 322,420);
2025-06-07 22:05:48.825 | INFO     | __main__:<module>:184 - INSERT INTO frame_13 (ID, X, Y, Z) VALUES ('right_wrist', 382, 340,533);
2025-06-07 22:05:48.829 | INFO     | __main__:<module>:184 - INSERT INTO frame_13 (ID, X, Y, Z) VALUES ('left_hip', 516, 318,463);
2025-06-07 22:05:48.843 | INFO     | __main__:<module>:184 - INSERT INTO frame_13 (ID, X, Y, Z) VALUES ('right_hip', 434, 321,471);
2025-06-07 22:05:48.843 | INFO     | __main__:<module>:184 - INSERT INTO frame_13 (ID, X, Y, Z) VALUES ('left_knee', 521, 493,460);
2025-06-07 22:05:48.856 | INFO     | __main__:<module>:184 - INSERT INTO frame_13 (ID, X, Y, Z) VALUES ('right_knee', 453, 496,487);
2025-06-07 22:05:48.865 | INFO     | __main__:<module>:184 - INSERT INTO frame_13 (ID, X, Y, Z) VALUES ('left_ankle', 529, 661,468);
2025-06-07 22:05:48.869 | INFO     | __main__:<module>:184 - INSERT INTO frame_13 (ID, X, Y, Z) VALUES ('right_ankle', 469, 658,491);
2025-06-07 22:05:48.882 | INFO     | __main__:<module>:184 - INSERT INTO frame_14 (ID, X, Y, Z) VALUES ('nose', 466, 59,506);
2025-06-07 22:05:48.885 | INFO     | __main__:<module>:184 - INSERT INTO frame_14 (ID, X, Y, Z) VALUES ('left_eye', 479, 53,428);
2025-06-07 22:05:48.896 | INFO     | __main__:<module>:184 - INSERT INTO frame_14 (ID, X, Y, Z) VALUES ('right_eye', 453, 54,498);
2025-06-07 22:05:48.896 | INFO     | __main__:<module>:184 - INSERT INTO frame_14 (ID, X, Y, Z) VALUES ('left_ear', 497, 78,463);
2025-06-07 22:05:48.911 | INFO     | __main__:<module>:184 - INSERT INTO frame_14 (ID, X, Y, Z) VALUES ('right_ear', 436, 79,465);
2025-06-07 22:05:48.919 | INFO     | __main__:<module>:184 - INSERT INTO frame_14 (ID, X, Y, Z) VALUES ('left_shoulder', 533, 140,468);
2025-06-07 22:05:48.924 | INFO     | __main__:<module>:184 - INSERT INTO frame_14 (ID, X, Y, Z) VALUES ('right_shoulder', 406, 149,464);
2025-06-07 22:05:48.934 | INFO     | __main__:<module>:184 - INSERT INTO frame_14 (ID, X, Y, Z) VALUES ('left_elbow', 564, 232,458);
2025-06-07 22:05:48.935 | INFO     | __main__:<module>:184 - INSERT INTO frame_14 (ID, X, Y, Z) VALUES ('right_elbow', 382, 252,482);
2025-06-07 22:05:48.949 | INFO     | __main__:<module>:184 - INSERT INTO frame_14 (ID, X, Y, Z) VALUES ('left_wrist', 572, 322,420);
2025-06-07 22:05:48.954 | INFO     | __main__:<module>:184 - INSERT INTO frame_14 (ID, X, Y, Z) VALUES ('right_wrist', 382, 341,533);
2025-06-07 22:05:48.963 | INFO     | __main__:<module>:184 - INSERT INTO frame_14 (ID, X, Y, Z) VALUES ('left_hip', 516, 318,463);
2025-06-07 22:05:48.973 | INFO     | __main__:<module>:184 - INSERT INTO frame_14 (ID, X, Y, Z) VALUES ('right_hip', 434, 321,471);
2025-06-07 22:05:48.979 | INFO     | __main__:<module>:184 - INSERT INTO frame_14 (ID, X, Y, Z) VALUES ('left_knee', 521, 494,460);
2025-06-07 22:05:48.989 | INFO     | __main__:<module>:184 - INSERT INTO frame_14 (ID, X, Y, Z) VALUES ('right_knee', 453, 496,487);
2025-06-07 22:05:48.989 | INFO     | __main__:<module>:184 - INSERT INTO frame_14 (ID, X, Y, Z) VALUES ('left_ankle', 529, 662,467);
2025-06-07 22:05:49.004 | INFO     | __main__:<module>:184 - INSERT INTO frame_14 (ID, X, Y, Z) VALUES ('right_ankle', 469, 658,491);
2025-06-07 22:05:49.012 | INFO     | __main__:<module>:184 - INSERT INTO frame_15 (ID, X, Y, Z) VALUES ('nose', 466, 59,506);
2025-06-07 22:05:49.021 | INFO     | __main__:<module>:184 - INSERT INTO frame_15 (ID, X, Y, Z) VALUES ('left_eye', 479, 53,427);
2025-06-07 22:05:49.029 | INFO     | __main__:<module>:184 - INSERT INTO frame_15 (ID, X, Y, Z) VALUES ('right_eye', 453, 54,498);
2025-06-07 22:05:49.037 | INFO     | __main__:<module>:184 - INSERT INTO frame_15 (ID, X, Y, Z) VALUES ('left_ear', 497, 78,460);
2025-06-07 22:05:49.043 | INFO     | __main__:<module>:184 - INSERT INTO frame_15 (ID, X, Y, Z) VALUES ('right_ear', 435, 79,465);
2025-06-07 22:05:49.054 | INFO     | __main__:<module>:184 - INSERT INTO frame_15 (ID, X, Y, Z) VALUES ('left_shoulder', 533, 140,468);
2025-06-07 22:05:49.063 | INFO     | __main__:<module>:184 - INSERT INTO frame_15 (ID, X, Y, Z) VALUES ('right_shoulder', 406, 149,464);
2025-06-07 22:05:49.074 | INFO     | __main__:<module>:184 - INSERT INTO frame_15 (ID, X, Y, Z) VALUES ('left_elbow', 565, 233,458);
2025-06-07 22:05:49.083 | INFO     | __main__:<module>:184 - INSERT INTO frame_15 (ID, X, Y, Z) VALUES ('right_elbow', 381, 252,482);
2025-06-07 22:05:49.093 | INFO     | __main__:<module>:184 - INSERT INTO frame_15 (ID, X, Y, Z) VALUES ('left_wrist', 572, 321,420);
2025-06-07 22:05:49.100 | INFO     | __main__:<module>:184 - INSERT INTO frame_15 (ID, X, Y, Z) VALUES ('right_wrist', 382, 340,532);
2025-06-07 22:05:49.108 | INFO     | __main__:<module>:184 - INSERT INTO frame_15 (ID, X, Y, Z) VALUES ('left_hip', 517, 317,462);
2025-06-07 22:05:49.118 | INFO     | __main__:<module>:184 - INSERT INTO frame_15 (ID, X, Y, Z) VALUES ('right_hip', 434, 320,471);
2025-06-07 22:05:49.128 | INFO     | __main__:<module>:184 - INSERT INTO frame_15 (ID, X, Y, Z) VALUES ('left_knee', 521, 492,460);
2025-06-07 22:05:49.138 | INFO     | __main__:<module>:184 - INSERT INTO frame_15 (ID, X, Y, Z) VALUES ('right_knee', 453, 495,487);
2025-06-07 22:05:49.140 | INFO     | __main__:<module>:184 - INSERT INTO frame_15 (ID, X, Y, Z) VALUES ('left_ankle', 529, 663,469);
2025-06-07 22:05:49.154 | INFO     | __main__:<module>:184 - INSERT INTO frame_15 (ID, X, Y, Z) VALUES ('right_ankle', 469, 659,490);
2025-06-07 22:05:49.169 | INFO     | __main__:<module>:184 - INSERT INTO frame_16 (ID, X, Y, Z) VALUES ('nose', 466, 59,506);
2025-06-07 22:05:49.177 | INFO     | __main__:<module>:184 - INSERT INTO frame_16 (ID, X, Y, Z) VALUES ('left_eye', 479, 53,427);
2025-06-07 22:05:49.186 | INFO     | __main__:<module>:184 - INSERT INTO frame_16 (ID, X, Y, Z) VALUES ('right_eye', 453, 54,498);
2025-06-07 22:05:49.197 | INFO     | __main__:<module>:184 - INSERT INTO frame_16 (ID, X, Y, Z) VALUES ('left_ear', 497, 78,460);
2025-06-07 22:05:49.208 | INFO     | __main__:<module>:184 - INSERT INTO frame_16 (ID, X, Y, Z) VALUES ('right_ear', 436, 79,465);
2025-06-07 22:05:49.217 | INFO     | __main__:<module>:184 - INSERT INTO frame_16 (ID, X, Y, Z) VALUES ('left_shoulder', 533, 140,468);
2025-06-07 22:05:49.224 | INFO     | __main__:<module>:184 - INSERT INTO frame_16 (ID, X, Y, Z) VALUES ('right_shoulder', 406, 149,464);
2025-06-07 22:05:49.233 | INFO     | __main__:<module>:184 - INSERT INTO frame_16 (ID, X, Y, Z) VALUES ('left_elbow', 565, 233,458);
2025-06-07 22:05:49.244 | INFO     | __main__:<module>:184 - INSERT INTO frame_16 (ID, X, Y, Z) VALUES ('right_elbow', 381, 252,482);
2025-06-07 22:05:49.254 | INFO     | __main__:<module>:184 - INSERT INTO frame_16 (ID, X, Y, Z) VALUES ('left_wrist', 572, 321,420);
2025-06-07 22:05:49.262 | INFO     | __main__:<module>:184 - INSERT INTO frame_16 (ID, X, Y, Z) VALUES ('right_wrist', 382, 341,532);
2025-06-07 22:05:49.269 | INFO     | __main__:<module>:184 - INSERT INTO frame_16 (ID, X, Y, Z) VALUES ('left_hip', 516, 318,462);
2025-06-07 22:05:49.269 | INFO     | __main__:<module>:184 - INSERT INTO frame_16 (ID, X, Y, Z) VALUES ('right_hip', 434, 321,471);
2025-06-07 22:05:49.285 | INFO     | __main__:<module>:184 - INSERT INTO frame_16 (ID, X, Y, Z) VALUES ('left_knee', 521, 495,460);
2025-06-07 22:05:49.293 | INFO     | __main__:<module>:184 - INSERT INTO frame_16 (ID, X, Y, Z) VALUES ('right_knee', 454, 498,487);
2025-06-07 22:05:49.297 | INFO     | __main__:<module>:184 - INSERT INTO frame_16 (ID, X, Y, Z) VALUES ('left_ankle', 529, 665,469);
2025-06-07 22:05:49.310 | INFO     | __main__:<module>:184 - INSERT INTO frame_16 (ID, X, Y, Z) VALUES ('right_ankle', 469, 662,490);
2025-06-07 22:05:49.317 | INFO     | __main__:<module>:184 - INSERT INTO frame_17 (ID, X, Y, Z) VALUES ('nose', 466, 59,506);
2025-06-07 22:05:49.323 | INFO     | __main__:<module>:184 - INSERT INTO frame_17 (ID, X, Y, Z) VALUES ('left_eye', 479, 54,427);
2025-06-07 22:05:49.334 | INFO     | __main__:<module>:184 - INSERT INTO frame_17 (ID, X, Y, Z) VALUES ('right_eye', 453, 54,498);
2025-06-07 22:05:49.340 | INFO     | __main__:<module>:184 - INSERT INTO frame_17 (ID, X, Y, Z) VALUES ('left_ear', 497, 78,458);
2025-06-07 22:05:49.350 | INFO     | __main__:<module>:184 - INSERT INTO frame_17 (ID, X, Y, Z) VALUES ('right_ear', 435, 79,465);
2025-06-07 22:05:49.355 | INFO     | __main__:<module>:184 - INSERT INTO frame_17 (ID, X, Y, Z) VALUES ('left_shoulder', 533, 140,469);
2025-06-07 22:05:49.364 | INFO     | __main__:<module>:184 - INSERT INTO frame_17 (ID, X, Y, Z) VALUES ('right_shoulder', 406, 149,464);
2025-06-07 22:05:49.364 | INFO     | __main__:<module>:184 - INSERT INTO frame_17 (ID, X, Y, Z) VALUES ('left_elbow', 565, 233,458);
2025-06-07 22:05:49.381 | INFO     | __main__:<module>:184 - INSERT INTO frame_17 (ID, X, Y, Z) VALUES ('right_elbow', 381, 252,481);
2025-06-07 22:05:49.389 | INFO     | __main__:<module>:184 - INSERT INTO frame_17 (ID, X, Y, Z) VALUES ('left_wrist', 573, 322,420);
2025-06-07 22:05:49.391 | INFO     | __main__:<module>:184 - INSERT INTO frame_17 (ID, X, Y, Z) VALUES ('right_wrist', 381, 340,532);
2025-06-07 22:05:49.406 | INFO     | __main__:<module>:184 - INSERT INTO frame_17 (ID, X, Y, Z) VALUES ('left_hip', 517, 318,463);
2025-06-07 22:05:49.414 | INFO     | __main__:<module>:184 - INSERT INTO frame_17 (ID, X, Y, Z) VALUES ('right_hip', 434, 321,472);
2025-06-07 22:05:49.421 | INFO     | __main__:<module>:184 - INSERT INTO frame_17 (ID, X, Y, Z) VALUES ('left_knee', 522, 496,461);
2025-06-07 22:05:49.432 | INFO     | __main__:<module>:184 - INSERT INTO frame_17 (ID, X, Y, Z) VALUES ('right_knee', 453, 499,489);
2025-06-07 22:05:49.432 | INFO     | __main__:<module>:184 - INSERT INTO frame_17 (ID, X, Y, Z) VALUES ('left_ankle', 529, 666,470);
2025-06-07 22:05:49.446 | INFO     | __main__:<module>:184 - INSERT INTO frame_17 (ID, X, Y, Z) VALUES ('right_ankle', 468, 663,492);
2025-06-07 22:05:49.455 | INFO     | __main__:<module>:184 - INSERT INTO frame_18 (ID, X, Y, Z) VALUES ('nose', 466, 59,506);
2025-06-07 22:05:49.462 | INFO     | __main__:<module>:184 - INSERT INTO frame_18 (ID, X, Y, Z) VALUES ('left_eye', 479, 53,427);
2025-06-07 22:05:49.470 | INFO     | __main__:<module>:184 - INSERT INTO frame_18 (ID, X, Y, Z) VALUES ('right_eye', 453, 54,498);
2025-06-07 22:05:49.480 | INFO     | __main__:<module>:184 - INSERT INTO frame_18 (ID, X, Y, Z) VALUES ('left_ear', 497, 78,458);
2025-06-07 22:05:49.486 | INFO     | __main__:<module>:184 - INSERT INTO frame_18 (ID, X, Y, Z) VALUES ('right_ear', 436, 78,465);
2025-06-07 22:05:49.497 | INFO     | __main__:<module>:184 - INSERT INTO frame_18 (ID, X, Y, Z) VALUES ('left_shoulder', 533, 140,469);
2025-06-07 22:05:49.497 | INFO     | __main__:<module>:184 - INSERT INTO frame_18 (ID, X, Y, Z) VALUES ('right_shoulder', 407, 149,463);
2025-06-07 22:05:49.510 | INFO     | __main__:<module>:184 - INSERT INTO frame_18 (ID, X, Y, Z) VALUES ('left_elbow', 565, 232,459);
2025-06-07 22:05:49.512 | INFO     | __main__:<module>:184 - INSERT INTO frame_18 (ID, X, Y, Z) VALUES ('right_elbow', 381, 251,480);
2025-06-07 22:05:49.526 | INFO     | __main__:<module>:184 - INSERT INTO frame_18 (ID, X, Y, Z) VALUES ('left_wrist', 573, 321,421);
2025-06-07 22:05:49.530 | INFO     | __main__:<module>:184 - INSERT INTO frame_18 (ID, X, Y, Z) VALUES ('right_wrist', 381, 340,532);
2025-06-07 22:05:49.542 | INFO     | __main__:<module>:184 - INSERT INTO frame_18 (ID, X, Y, Z) VALUES ('left_hip', 516, 317,463);
2025-06-07 22:05:49.542 | INFO     | __main__:<module>:184 - INSERT INTO frame_18 (ID, X, Y, Z) VALUES ('right_hip', 434, 320,471);
2025-06-07 22:05:49.557 | INFO     | __main__:<module>:184 - INSERT INTO frame_18 (ID, X, Y, Z) VALUES ('left_knee', 521, 493,460);
2025-06-07 22:05:49.565 | INFO     | __main__:<module>:184 - INSERT INTO frame_18 (ID, X, Y, Z) VALUES ('right_knee', 453, 496,487);
2025-06-07 22:05:49.574 | INFO     | __main__:<module>:184 - INSERT INTO frame_18 (ID, X, Y, Z) VALUES ('left_ankle', 529, 662,470);
2025-06-07 22:05:49.581 | INFO     | __main__:<module>:184 - INSERT INTO frame_18 (ID, X, Y, Z) VALUES ('right_ankle', 469, 660,491);
2025-06-07 22:05:49.584 | INFO     | __main__:<module>:184 - INSERT INTO frame_19 (ID, X, Y, Z) VALUES ('nose', 466, 59,506);
2025-06-07 22:05:49.595 | INFO     | __main__:<module>:184 - INSERT INTO frame_19 (ID, X, Y, Z) VALUES ('left_eye', 479, 53,427);
2025-06-07 22:05:49.602 | INFO     | __main__:<module>:184 - INSERT INTO frame_19 (ID, X, Y, Z) VALUES ('right_eye', 453, 54,498);
2025-06-07 22:05:49.610 | INFO     | __main__:<module>:184 - INSERT INTO frame_19 (ID, X, Y, Z) VALUES ('left_ear', 497, 78,457);
2025-06-07 22:05:49.619 | INFO     | __main__:<module>:184 - INSERT INTO frame_19 (ID, X, Y, Z) VALUES ('right_ear', 436, 78,465);
2025-06-07 22:05:49.626 | INFO     | __main__:<module>:184 - INSERT INTO frame_19 (ID, X, Y, Z) VALUES ('left_shoulder', 533, 141,469);
2025-06-07 22:05:49.633 | INFO     | __main__:<module>:184 - INSERT INTO frame_19 (ID, X, Y, Z) VALUES ('right_shoulder', 406, 149,463);
2025-06-07 22:05:49.641 | INFO     | __main__:<module>:184 - INSERT INTO frame_19 (ID, X, Y, Z) VALUES ('left_elbow', 565, 233,459);
2025-06-07 22:05:49.648 | INFO     | __main__:<module>:184 - INSERT INTO frame_19 (ID, X, Y, Z) VALUES ('right_elbow', 381, 251,480);
2025-06-07 22:05:49.656 | INFO     | __main__:<module>:184 - INSERT INTO frame_19 (ID, X, Y, Z) VALUES ('left_wrist', 573, 321,421);
2025-06-07 22:05:49.665 | INFO     | __main__:<module>:184 - INSERT INTO frame_19 (ID, X, Y, Z) VALUES ('right_wrist', 381, 339,532);
2025-06-07 22:05:49.671 | INFO     | __main__:<module>:184 - INSERT INTO frame_19 (ID, X, Y, Z) VALUES ('left_hip', 516, 317,463);
2025-06-07 22:05:49.680 | INFO     | __main__:<module>:184 - INSERT INTO frame_19 (ID, X, Y, Z) VALUES ('right_hip', 434, 320,471);
2025-06-07 22:05:49.684 | INFO     | __main__:<module>:184 - INSERT INTO frame_19 (ID, X, Y, Z) VALUES ('left_knee', 521, 492,461);
2025-06-07 22:05:49.695 | INFO     | __main__:<module>:184 - INSERT INTO frame_19 (ID, X, Y, Z) VALUES ('right_knee', 453, 496,487);
2025-06-07 22:05:49.704 | INFO     | __main__:<module>:184 - INSERT INTO frame_19 (ID, X, Y, Z) VALUES ('left_ankle', 529, 662,470);
2025-06-07 22:05:49.714 | INFO     | __main__:<module>:184 - INSERT INTO frame_19 (ID, X, Y, Z) VALUES ('right_ankle', 469, 660,489);
2025-06-07 22:05:49.714 | INFO     | __main__:<module>:184 - INSERT INTO frame_20 (ID, X, Y, Z) VALUES ('nose', 467, 59,505);
2025-06-07 22:05:49.728 | INFO     | __main__:<module>:184 - INSERT INTO frame_20 (ID, X, Y, Z) VALUES ('left_eye', 480, 53,427);
2025-06-07 22:05:49.737 | INFO     | __main__:<module>:184 - INSERT INTO frame_20 (ID, X, Y, Z) VALUES ('right_eye', 454, 54,497);
2025-06-07 22:05:49.737 | INFO     | __main__:<module>:184 - INSERT INTO frame_20 (ID, X, Y, Z) VALUES ('left_ear', 497, 77,455);
2025-06-07 22:05:49.751 | INFO     | __main__:<module>:184 - INSERT INTO frame_20 (ID, X, Y, Z) VALUES ('right_ear', 435, 78,464);
2025-06-07 22:05:49.760 | INFO     | __main__:<module>:184 - INSERT INTO frame_20 (ID, X, Y, Z) VALUES ('left_shoulder', 534, 140,470);
2025-06-07 22:05:49.763 | INFO     | __main__:<module>:184 - INSERT INTO frame_20 (ID, X, Y, Z) VALUES ('right_shoulder', 406, 148,464);
2025-06-07 22:05:49.775 | INFO     | __main__:<module>:184 - INSERT INTO frame_20 (ID, X, Y, Z) VALUES ('left_elbow', 565, 233,460);
2025-06-07 22:05:49.780 | INFO     | __main__:<module>:184 - INSERT INTO frame_20 (ID, X, Y, Z) VALUES ('right_elbow', 381, 251,480);
2025-06-07 22:05:49.790 | INFO     | __main__:<module>:184 - INSERT INTO frame_20 (ID, X, Y, Z) VALUES ('left_wrist', 574, 322,421);
2025-06-07 22:05:49.801 | INFO     | __main__:<module>:184 - INSERT INTO frame_20 (ID, X, Y, Z) VALUES ('right_wrist', 381, 341,533);
2025-06-07 22:05:49.806 | INFO     | __main__:<module>:184 - INSERT INTO frame_20 (ID, X, Y, Z) VALUES ('left_hip', 518, 318,465);
2025-06-07 22:05:49.816 | INFO     | __main__:<module>:184 - INSERT INTO frame_20 (ID, X, Y, Z) VALUES ('right_hip', 434, 321,470);
2025-06-07 22:05:49.822 | INFO     | __main__:<module>:184 - INSERT INTO frame_20 (ID, X, Y, Z) VALUES ('left_knee', 521, 496,466);
2025-06-07 22:05:49.831 | INFO     | __main__:<module>:184 - INSERT INTO frame_20 (ID, X, Y, Z) VALUES ('right_knee', 451, 498,487);
2025-06-07 22:05:49.836 | INFO     | __main__:<module>:184 - INSERT INTO frame_20 (ID, X, Y, Z) VALUES ('left_ankle', 528, 670,480);
2025-06-07 22:05:49.845 | INFO     | __main__:<module>:184 - INSERT INTO frame_20 (ID, X, Y, Z) VALUES ('right_ankle', 466, 666,494);
2025-06-07 22:05:49.845 | INFO     | __main__:<module>:184 - INSERT INTO frame_21 (ID, X, Y, Z) VALUES ('nose', 467, 59,505);
2025-06-07 22:05:49.860 | INFO     | __main__:<module>:184 - INSERT INTO frame_21 (ID, X, Y, Z) VALUES ('left_eye', 480, 53,427);
2025-06-07 22:05:49.860 | INFO     | __main__:<module>:184 - INSERT INTO frame_21 (ID, X, Y, Z) VALUES ('right_eye', 454, 54,497);
2025-06-07 22:05:49.876 | INFO     | __main__:<module>:184 - INSERT INTO frame_21 (ID, X, Y, Z) VALUES ('left_ear', 497, 77,455);
2025-06-07 22:05:49.884 | INFO     | __main__:<module>:184 - INSERT INTO frame_21 (ID, X, Y, Z) VALUES ('right_ear', 436, 78,464);
2025-06-07 22:05:49.889 | INFO     | __main__:<module>:184 - INSERT INTO frame_21 (ID, X, Y, Z) VALUES ('left_shoulder', 535, 141,470);
2025-06-07 22:05:49.898 | INFO     | __main__:<module>:184 - INSERT INTO frame_21 (ID, X, Y, Z) VALUES ('right_shoulder', 406, 148,463);
2025-06-07 22:05:49.898 | INFO     | __main__:<module>:184 - INSERT INTO frame_21 (ID, X, Y, Z) VALUES ('left_elbow', 565, 233,460);
2025-06-07 22:05:49.913 | INFO     | __main__:<module>:184 - INSERT INTO frame_21 (ID, X, Y, Z) VALUES ('right_elbow', 381, 251,481);
2025-06-07 22:05:49.920 | INFO     | __main__:<module>:184 - INSERT INTO frame_21 (ID, X, Y, Z) VALUES ('left_wrist', 574, 322,421);
2025-06-07 22:05:49.923 | INFO     | __main__:<module>:184 - INSERT INTO frame_21 (ID, X, Y, Z) VALUES ('right_wrist', 381, 341,533);
2025-06-07 22:05:49.937 | INFO     | __main__:<module>:184 - INSERT INTO frame_21 (ID, X, Y, Z) VALUES ('left_hip', 517, 319,465);
2025-06-07 22:05:49.941 | INFO     | __main__:<module>:184 - INSERT INTO frame_21 (ID, X, Y, Z) VALUES ('right_hip', 433, 321,470);
2025-06-07 22:05:49.950 | INFO     | __main__:<module>:184 - INSERT INTO frame_21 (ID, X, Y, Z) VALUES ('left_knee', 521, 497,468);
2025-06-07 22:05:49.959 | INFO     | __main__:<module>:184 - INSERT INTO frame_21 (ID, X, Y, Z) VALUES ('right_knee', 451, 499,488);
2025-06-07 22:05:49.968 | INFO     | __main__:<module>:184 - INSERT INTO frame_21 (ID, X, Y, Z) VALUES ('left_ankle', 528, 670,482);
2025-06-07 22:05:49.975 | INFO     | __main__:<module>:184 - INSERT INTO frame_21 (ID, X, Y, Z) VALUES ('right_ankle', 465, 666,495);
2025-06-07 22:05:49.983 | INFO     | __main__:<module>:184 - INSERT INTO frame_22 (ID, X, Y, Z) VALUES ('nose', 468, 59,505);
2025-06-07 22:05:49.992 | INFO     | __main__:<module>:184 - INSERT INTO frame_22 (ID, X, Y, Z) VALUES ('left_eye', 480, 53,427);
2025-06-07 22:05:49.992 | INFO     | __main__:<module>:184 - INSERT INTO frame_22 (ID, X, Y, Z) VALUES ('right_eye', 454, 54,497);
2025-06-07 22:05:50.007 | INFO     | __main__:<module>:184 - INSERT INTO frame_22 (ID, X, Y, Z) VALUES ('left_ear', 497, 77,457);
2025-06-07 22:05:50.017 | INFO     | __main__:<module>:184 - INSERT INTO frame_22 (ID, X, Y, Z) VALUES ('right_ear', 436, 78,464);
2025-06-07 22:05:50.023 | INFO     | __main__:<module>:184 - INSERT INTO frame_22 (ID, X, Y, Z) VALUES ('left_shoulder', 535, 141,469);
2025-06-07 22:05:50.033 | INFO     | __main__:<module>:184 - INSERT INTO frame_22 (ID, X, Y, Z) VALUES ('right_shoulder', 407, 148,463);
2025-06-07 22:05:50.033 | INFO     | __main__:<module>:184 - INSERT INTO frame_22 (ID, X, Y, Z) VALUES ('left_elbow', 565, 234,460);
2025-06-07 22:05:50.048 | INFO     | __main__:<module>:184 - INSERT INTO frame_22 (ID, X, Y, Z) VALUES ('right_elbow', 381, 252,480);
2025-06-07 22:05:50.055 | INFO     | __main__:<module>:184 - INSERT INTO frame_22 (ID, X, Y, Z) VALUES ('left_wrist', 574, 322,421);
2025-06-07 22:05:50.057 | INFO     | __main__:<module>:184 - INSERT INTO frame_22 (ID, X, Y, Z) VALUES ('right_wrist', 381, 341,532);
2025-06-07 22:05:50.070 | INFO     | __main__:<module>:184 - INSERT INTO frame_22 (ID, X, Y, Z) VALUES ('left_hip', 517, 318,465);
2025-06-07 22:05:50.081 | INFO     | __main__:<module>:184 - INSERT INTO frame_22 (ID, X, Y, Z) VALUES ('right_hip', 433, 320,470);
2025-06-07 22:05:50.087 | INFO     | __main__:<module>:184 - INSERT INTO frame_22 (ID, X, Y, Z) VALUES ('left_knee', 521, 494,468);
2025-06-07 22:05:50.094 | INFO     | __main__:<module>:184 - INSERT INTO frame_22 (ID, X, Y, Z) VALUES ('right_knee', 450, 496,487);
2025-06-07 22:05:50.098 | INFO     | __main__:<module>:184 - INSERT INTO frame_22 (ID, X, Y, Z) VALUES ('left_ankle', 527, 666,482);
2025-06-07 22:05:50.112 | INFO     | __main__:<module>:184 - INSERT INTO frame_22 (ID, X, Y, Z) VALUES ('right_ankle', 466, 662,491);
2025-06-07 22:05:50.121 | INFO     | __main__:<module>:184 - INSERT INTO frame_23 (ID, X, Y, Z) VALUES ('nose', 468, 59,505);
2025-06-07 22:05:50.129 | INFO     | __main__:<module>:184 - INSERT INTO frame_23 (ID, X, Y, Z) VALUES ('left_eye', 480, 53,427);
2025-06-07 22:05:50.137 | INFO     | __main__:<module>:184 - INSERT INTO frame_23 (ID, X, Y, Z) VALUES ('right_eye', 454, 54,497);
2025-06-07 22:05:50.144 | INFO     | __main__:<module>:184 - INSERT INTO frame_23 (ID, X, Y, Z) VALUES ('left_ear', 497, 77,457);
2025-06-07 22:05:50.151 | INFO     | __main__:<module>:184 - INSERT INTO frame_23 (ID, X, Y, Z) VALUES ('right_ear', 436, 78,464);
2025-06-07 22:05:50.158 | INFO     | __main__:<module>:184 - INSERT INTO frame_23 (ID, X, Y, Z) VALUES ('left_shoulder', 535, 141,470);
2025-06-07 22:05:50.165 | INFO     | __main__:<module>:184 - INSERT INTO frame_23 (ID, X, Y, Z) VALUES ('right_shoulder', 407, 148,463);
2025-06-07 22:05:50.170 | INFO     | __main__:<module>:184 - INSERT INTO frame_23 (ID, X, Y, Z) VALUES ('left_elbow', 565, 234,460);
2025-06-07 22:05:50.180 | INFO     | __main__:<module>:184 - INSERT INTO frame_23 (ID, X, Y, Z) VALUES ('right_elbow', 381, 252,480);
2025-06-07 22:05:50.186 | INFO     | __main__:<module>:184 - INSERT INTO frame_23 (ID, X, Y, Z) VALUES ('left_wrist', 574, 322,421);
2025-06-07 22:05:50.195 | INFO     | __main__:<module>:184 - INSERT INTO frame_23 (ID, X, Y, Z) VALUES ('right_wrist', 381, 341,532);
2025-06-07 22:05:50.204 | INFO     | __main__:<module>:184 - INSERT INTO frame_23 (ID, X, Y, Z) VALUES ('left_hip', 517, 318,465);
2025-06-07 22:05:50.204 | INFO     | __main__:<module>:184 - INSERT INTO frame_23 (ID, X, Y, Z) VALUES ('right_hip', 433, 320,470);
2025-06-07 22:05:50.219 | INFO     | __main__:<module>:184 - INSERT INTO frame_23 (ID, X, Y, Z) VALUES ('left_knee', 521, 494,468);
2025-06-07 22:05:50.226 | INFO     | __main__:<module>:184 - INSERT INTO frame_23 (ID, X, Y, Z) VALUES ('right_knee', 451, 496,487);
2025-06-07 22:05:50.231 | INFO     | __main__:<module>:184 - INSERT INTO frame_23 (ID, X, Y, Z) VALUES ('left_ankle', 528, 665,482);
2025-06-07 22:05:50.240 | INFO     | __main__:<module>:184 - INSERT INTO frame_23 (ID, X, Y, Z) VALUES ('right_ankle', 466, 662,491);
2025-06-07 22:05:50.244 | INFO     | __main__:<module>:184 - INSERT INTO frame_24 (ID, X, Y, Z) VALUES ('nose', 468, 59,504);
2025-06-07 22:05:50.256 | INFO     | __main__:<module>:184 - INSERT INTO frame_24 (ID, X, Y, Z) VALUES ('left_eye', 480, 53,429);
2025-06-07 22:05:50.258 | INFO     | __main__:<module>:184 - INSERT INTO frame_24 (ID, X, Y, Z) VALUES ('right_eye', 454, 54,496);
2025-06-07 22:05:50.271 | INFO     | __main__:<module>:184 - INSERT INTO frame_24 (ID, X, Y, Z) VALUES ('left_ear', 497, 77,456);
2025-06-07 22:05:50.271 | INFO     | __main__:<module>:184 - INSERT INTO frame_24 (ID, X, Y, Z) VALUES ('right_ear', 436, 78,464);
2025-06-07 22:05:50.286 | INFO     | __main__:<module>:184 - INSERT INTO frame_24 (ID, X, Y, Z) VALUES ('left_shoulder', 535, 142,470);
2025-06-07 22:05:50.286 | INFO     | __main__:<module>:184 - INSERT INTO frame_24 (ID, X, Y, Z) VALUES ('right_shoulder', 407, 150,462);
2025-06-07 22:05:50.300 | INFO     | __main__:<module>:184 - INSERT INTO frame_24 (ID, X, Y, Z) VALUES ('left_elbow', 566, 238,459);
2025-06-07 22:05:50.307 | INFO     | __main__:<module>:184 - INSERT INTO frame_24 (ID, X, Y, Z) VALUES ('right_elbow', 382, 253,480);
2025-06-07 22:05:50.313 | INFO     | __main__:<module>:184 - INSERT INTO frame_24 (ID, X, Y, Z) VALUES ('left_wrist', 573, 324,420);
2025-06-07 22:05:50.323 | INFO     | __main__:<module>:184 - INSERT INTO frame_24 (ID, X, Y, Z) VALUES ('right_wrist', 383, 344,534);
2025-06-07 22:05:50.323 | INFO     | __main__:<module>:184 - INSERT INTO frame_24 (ID, X, Y, Z) VALUES ('left_hip', 518, 321,467);
2025-06-07 22:05:50.339 | INFO     | __main__:<module>:184 - INSERT INTO frame_24 (ID, X, Y, Z) VALUES ('right_hip', 434, 324,470);
2025-06-07 22:05:50.347 | INFO     | __main__:<module>:184 - INSERT INTO frame_24 (ID, X, Y, Z) VALUES ('left_knee', 521, 498,465);
2025-06-07 22:05:50.358 | INFO     | __main__:<module>:184 - INSERT INTO frame_24 (ID, X, Y, Z) VALUES ('right_knee', 451, 500,485);
2025-06-07 22:05:50.367 | INFO     | __main__:<module>:184 - INSERT INTO frame_24 (ID, X, Y, Z) VALUES ('left_ankle', 528, 668,474);
2025-06-07 22:05:50.375 | INFO     | __main__:<module>:184 - INSERT INTO frame_24 (ID, X, Y, Z) VALUES ('right_ankle', 464, 666,487);
2025-06-07 22:05:50.382 | INFO     | __main__:<module>:184 - INSERT INTO frame_25 (ID, X, Y, Z) VALUES ('nose', 467, 59,504);
2025-06-07 22:05:50.391 | INFO     | __main__:<module>:184 - INSERT INTO frame_25 (ID, X, Y, Z) VALUES ('left_eye', 480, 53,429);
2025-06-07 22:05:50.391 | INFO     | __main__:<module>:184 - INSERT INTO frame_25 (ID, X, Y, Z) VALUES ('right_eye', 454, 55,496);
2025-06-07 22:05:50.406 | INFO     | __main__:<module>:184 - INSERT INTO frame_25 (ID, X, Y, Z) VALUES ('left_ear', 497, 76,456);
2025-06-07 22:05:50.414 | INFO     | __main__:<module>:184 - INSERT INTO frame_25 (ID, X, Y, Z) VALUES ('right_ear', 436, 78,464);
2025-06-07 22:05:50.418 | INFO     | __main__:<module>:184 - INSERT INTO frame_25 (ID, X, Y, Z) VALUES ('left_shoulder', 535, 142,470);
2025-06-07 22:05:50.428 | INFO     | __main__:<module>:184 - INSERT INTO frame_25 (ID, X, Y, Z) VALUES ('right_shoulder', 407, 150,463);
2025-06-07 22:05:50.434 | INFO     | __main__:<module>:184 - INSERT INTO frame_25 (ID, X, Y, Z) VALUES ('left_elbow', 566, 238,459);
2025-06-07 22:05:50.434 | INFO     | __main__:<module>:184 - INSERT INTO frame_25 (ID, X, Y, Z) VALUES ('right_elbow', 382, 254,480);
2025-06-07 22:05:50.450 | INFO     | __main__:<module>:184 - INSERT INTO frame_25 (ID, X, Y, Z) VALUES ('left_wrist', 573, 324,421);
2025-06-07 22:05:50.457 | INFO     | __main__:<module>:184 - INSERT INTO frame_25 (ID, X, Y, Z) VALUES ('right_wrist', 383, 343,534);
2025-06-07 22:05:50.459 | INFO     | __main__:<module>:184 - INSERT INTO frame_25 (ID, X, Y, Z) VALUES ('left_hip', 519, 324,467);
2025-06-07 22:05:50.472 | INFO     | __main__:<module>:184 - INSERT INTO frame_25 (ID, X, Y, Z) VALUES ('right_hip', 435, 326,470);
2025-06-07 22:05:50.472 | INFO     | __main__:<module>:184 - INSERT INTO frame_25 (ID, X, Y, Z) VALUES ('left_knee', 521, 500,465);
2025-06-07 22:05:50.487 | INFO     | __main__:<module>:184 - INSERT INTO frame_25 (ID, X, Y, Z) VALUES ('right_knee', 451, 503,486);
2025-06-07 22:05:50.494 | INFO     | __main__:<module>:184 - INSERT INTO frame_25 (ID, X, Y, Z) VALUES ('left_ankle', 527, 669,475);
2025-06-07 22:05:50.498 | INFO     | __main__:<module>:184 - INSERT INTO frame_25 (ID, X, Y, Z) VALUES ('right_ankle', 464, 667,489);
2025-06-07 22:05:50.508 | INFO     | __main__:<module>:184 - INSERT INTO frame_26 (ID, X, Y, Z) VALUES ('nose', 467, 59,504);
2025-06-07 22:05:50.518 | INFO     | __main__:<module>:184 - INSERT INTO frame_26 (ID, X, Y, Z) VALUES ('left_eye', 480, 53,430);
2025-06-07 22:05:50.524 | INFO     | __main__:<module>:184 - INSERT INTO frame_26 (ID, X, Y, Z) VALUES ('right_eye', 454, 55,497);
2025-06-07 22:05:50.532 | INFO     | __main__:<module>:184 - INSERT INTO frame_26 (ID, X, Y, Z) VALUES ('left_ear', 498, 76,459);
2025-06-07 22:05:50.536 | INFO     | __main__:<module>:184 - INSERT INTO frame_26 (ID, X, Y, Z) VALUES ('right_ear', 436, 78,464);
2025-06-07 22:05:50.548 | INFO     | __main__:<module>:184 - INSERT INTO frame_26 (ID, X, Y, Z) VALUES ('left_shoulder', 535, 142,471);
2025-06-07 22:05:50.554 | INFO     | __main__:<module>:184 - INSERT INTO frame_26 (ID, X, Y, Z) VALUES ('right_shoulder', 407, 150,462);
2025-06-07 22:05:50.559 | INFO     | __main__:<module>:184 - INSERT INTO frame_26 (ID, X, Y, Z) VALUES ('left_elbow', 566, 237,460);
2025-06-07 22:05:50.567 | INFO     | __main__:<module>:184 - INSERT INTO frame_26 (ID, X, Y, Z) VALUES ('right_elbow', 383, 253,479);
2025-06-07 22:05:50.576 | INFO     | __main__:<module>:184 - INSERT INTO frame_26 (ID, X, Y, Z) VALUES ('left_wrist', 573, 324,421);
2025-06-07 22:05:50.581 | INFO     | __main__:<module>:184 - INSERT INTO frame_26 (ID, X, Y, Z) VALUES ('right_wrist', 383, 342,533);
2025-06-07 22:05:50.591 | INFO     | __main__:<module>:184 - INSERT INTO frame_26 (ID, X, Y, Z) VALUES ('left_hip', 519, 322,467);
2025-06-07 22:05:50.591 | INFO     | __main__:<module>:184 - INSERT INTO frame_26 (ID, X, Y, Z) VALUES ('right_hip', 436, 324,470);
2025-06-07 22:05:50.605 | INFO     | __main__:<module>:184 - INSERT INTO frame_26 (ID, X, Y, Z) VALUES ('left_knee', 521, 499,465);
2025-06-07 22:05:50.611 | INFO     | __main__:<module>:184 - INSERT INTO frame_26 (ID, X, Y, Z) VALUES ('right_knee', 451, 501,486);
2025-06-07 22:05:50.621 | INFO     | __main__:<module>:184 - INSERT INTO frame_26 (ID, X, Y, Z) VALUES ('left_ankle', 527, 668,476);
2025-06-07 22:05:50.628 | INFO     | __main__:<module>:184 - INSERT INTO frame_26 (ID, X, Y, Z) VALUES ('right_ankle', 463, 666,489);
2025-06-07 22:05:50.636 | INFO     | __main__:<module>:184 - INSERT INTO frame_27 (ID, X, Y, Z) VALUES ('nose', 467, 59,504);
2025-06-07 22:05:50.643 | INFO     | __main__:<module>:184 - INSERT INTO frame_27 (ID, X, Y, Z) VALUES ('left_eye', 480, 53,430);
2025-06-07 22:05:50.651 | INFO     | __main__:<module>:184 - INSERT INTO frame_27 (ID, X, Y, Z) VALUES ('right_eye', 454, 55,496);
2025-06-07 22:05:50.659 | INFO     | __main__:<module>:184 - INSERT INTO frame_27 (ID, X, Y, Z) VALUES ('left_ear', 498, 75,459);
2025-06-07 22:05:50.667 | INFO     | __main__:<module>:184 - INSERT INTO frame_27 (ID, X, Y, Z) VALUES ('right_ear', 437, 78,464);
2025-06-07 22:05:50.670 | INFO     | __main__:<module>:184 - INSERT INTO frame_27 (ID, X, Y, Z) VALUES ('left_shoulder', 535, 142,471);
2025-06-07 22:05:50.681 | INFO     | __main__:<module>:184 - INSERT INTO frame_27 (ID, X, Y, Z) VALUES ('right_shoulder', 407, 151,461);
2025-06-07 22:05:50.684 | INFO     | __main__:<module>:184 - INSERT INTO frame_27 (ID, X, Y, Z) VALUES ('left_elbow', 566, 237,460);
2025-06-07 22:05:50.697 | INFO     | __main__:<module>:184 - INSERT INTO frame_27 (ID, X, Y, Z) VALUES ('right_elbow', 383, 253,479);
2025-06-07 22:05:50.699 | INFO     | __main__:<module>:184 - INSERT INTO frame_27 (ID, X, Y, Z) VALUES ('left_wrist', 573, 324,421);
2025-06-07 22:05:50.712 | INFO     | __main__:<module>:184 - INSERT INTO frame_27 (ID, X, Y, Z) VALUES ('right_wrist', 383, 340,533);
2025-06-07 22:05:50.717 | INFO     | __main__:<module>:184 - INSERT INTO frame_27 (ID, X, Y, Z) VALUES ('left_hip', 519, 323,467);
2025-06-07 22:05:50.726 | INFO     | __main__:<module>:184 - INSERT INTO frame_27 (ID, X, Y, Z) VALUES ('right_hip', 436, 325,470);
2025-06-07 22:05:50.736 | INFO     | __main__:<module>:184 - INSERT INTO frame_27 (ID, X, Y, Z) VALUES ('left_knee', 521, 500,466);
2025-06-07 22:05:50.738 | INFO     | __main__:<module>:184 - INSERT INTO frame_27 (ID, X, Y, Z) VALUES ('right_knee', 452, 503,485);
2025-06-07 22:05:50.750 | INFO     | __main__:<module>:184 - INSERT INTO frame_27 (ID, X, Y, Z) VALUES ('left_ankle', 528, 670,477);
2025-06-07 22:05:50.757 | INFO     | __main__:<module>:184 - INSERT INTO frame_27 (ID, X, Y, Z) VALUES ('right_ankle', 463, 668,485);
2025-06-07 22:05:50.770 | INFO     | __main__:<module>:184 - INSERT INTO frame_28 (ID, X, Y, Z) VALUES ('nose', 468, 59,503);
2025-06-07 22:05:50.780 | INFO     | __main__:<module>:184 - INSERT INTO frame_28 (ID, X, Y, Z) VALUES ('left_eye', 480, 53,429);
2025-06-07 22:05:50.783 | INFO     | __main__:<module>:184 - INSERT INTO frame_28 (ID, X, Y, Z) VALUES ('right_eye', 454, 55,496);
2025-06-07 22:05:50.794 | INFO     | __main__:<module>:184 - INSERT INTO frame_28 (ID, X, Y, Z) VALUES ('left_ear', 498, 74,459);
2025-06-07 22:05:50.794 | INFO     | __main__:<module>:184 - INSERT INTO frame_28 (ID, X, Y, Z) VALUES ('right_ear', 437, 77,463);
2025-06-07 22:05:50.809 | INFO     | __main__:<module>:184 - INSERT INTO frame_28 (ID, X, Y, Z) VALUES ('left_shoulder', 535, 142,471);
2025-06-07 22:05:50.816 | INFO     | __main__:<module>:184 - INSERT INTO frame_28 (ID, X, Y, Z) VALUES ('right_shoulder', 408, 151,461);
2025-06-07 22:05:50.824 | INFO     | __main__:<module>:184 - INSERT INTO frame_28 (ID, X, Y, Z) VALUES ('left_elbow', 565, 236,460);
2025-06-07 22:05:50.830 | INFO     | __main__:<module>:184 - INSERT INTO frame_28 (ID, X, Y, Z) VALUES ('right_elbow', 383, 253,478);
2025-06-07 22:05:50.839 | INFO     | __main__:<module>:184 - INSERT INTO frame_28 (ID, X, Y, Z) VALUES ('left_wrist', 573, 323,421);
2025-06-07 22:05:50.846 | INFO     | __main__:<module>:184 - INSERT INTO frame_28 (ID, X, Y, Z) VALUES ('right_wrist', 384, 341,533);
2025-06-07 22:05:50.857 | INFO     | __main__:<module>:184 - INSERT INTO frame_28 (ID, X, Y, Z) VALUES ('left_hip', 519, 322,467);
2025-06-07 22:05:50.860 | INFO     | __main__:<module>:184 - INSERT INTO frame_28 (ID, X, Y, Z) VALUES ('right_hip', 436, 325,470);
2025-06-07 22:05:50.870 | INFO     | __main__:<module>:184 - INSERT INTO frame_28 (ID, X, Y, Z) VALUES ('left_knee', 521, 499,466);
2025-06-07 22:05:50.870 | INFO     | __main__:<module>:184 - INSERT INTO frame_28 (ID, X, Y, Z) VALUES ('right_knee', 451, 501,485);
2025-06-07 22:05:50.885 | INFO     | __main__:<module>:184 - INSERT INTO frame_28 (ID, X, Y, Z) VALUES ('left_ankle', 527, 669,477);
2025-06-07 22:05:50.895 | INFO     | __main__:<module>:184 - INSERT INTO frame_28 (ID, X, Y, Z) VALUES ('right_ankle', 464, 665,486);
2025-06-07 22:05:50.901 | INFO     | __main__:<module>:184 - INSERT INTO frame_29 (ID, X, Y, Z) VALUES ('nose', 468, 59,503);
2025-06-07 22:05:50.908 | INFO     | __main__:<module>:184 - INSERT INTO frame_29 (ID, X, Y, Z) VALUES ('left_eye', 480, 53,430);
2025-06-07 22:05:50.910 | INFO     | __main__:<module>:184 - INSERT INTO frame_29 (ID, X, Y, Z) VALUES ('right_eye', 455, 55,496);
2025-06-07 22:05:50.923 | INFO     | __main__:<module>:184 - INSERT INTO frame_29 (ID, X, Y, Z) VALUES ('left_ear', 498, 75,459);
2025-06-07 22:05:50.924 | INFO     | __main__:<module>:184 - INSERT INTO frame_29 (ID, X, Y, Z) VALUES ('right_ear', 437, 77,463);
2025-06-07 22:05:50.937 | INFO     | __main__:<module>:184 - INSERT INTO frame_29 (ID, X, Y, Z) VALUES ('left_shoulder', 535, 142,471);
2025-06-07 22:05:50.948 | INFO     | __main__:<module>:184 - INSERT INTO frame_29 (ID, X, Y, Z) VALUES ('right_shoulder', 407, 151,461);
2025-06-07 22:05:50.951 | INFO     | __main__:<module>:184 - INSERT INTO frame_29 (ID, X, Y, Z) VALUES ('left_elbow', 566, 236,460);
2025-06-07 22:05:50.965 | INFO     | __main__:<module>:184 - INSERT INTO frame_29 (ID, X, Y, Z) VALUES ('right_elbow', 383, 254,478);
2025-06-07 22:05:50.973 | INFO     | __main__:<module>:184 - INSERT INTO frame_29 (ID, X, Y, Z) VALUES ('left_wrist', 573, 323,421);
2025-06-07 22:05:50.977 | INFO     | __main__:<module>:184 - INSERT INTO frame_29 (ID, X, Y, Z) VALUES ('right_wrist', 384, 341,532);
2025-06-07 22:05:50.987 | INFO     | __main__:<module>:184 - INSERT INTO frame_29 (ID, X, Y, Z) VALUES ('left_hip', 519, 322,468);
2025-06-07 22:05:50.990 | INFO     | __main__:<module>:184 - INSERT INTO frame_29 (ID, X, Y, Z) VALUES ('right_hip', 435, 325,470);
2025-06-07 22:05:51.003 | INFO     | __main__:<module>:184 - INSERT INTO frame_29 (ID, X, Y, Z) VALUES ('left_knee', 521, 498,466);
2025-06-07 22:05:51.008 | INFO     | __main__:<module>:184 - INSERT INTO frame_29 (ID, X, Y, Z) VALUES ('right_knee', 451, 500,484);
2025-06-07 22:05:51.019 | INFO     | __main__:<module>:184 - INSERT INTO frame_29 (ID, X, Y, Z) VALUES ('left_ankle', 527, 669,476);
2025-06-07 22:05:51.027 | INFO     | __main__:<module>:184 - INSERT INTO frame_29 (ID, X, Y, Z) VALUES ('right_ankle', 464, 665,485);
2025-06-07 22:05:51.032 | INFO     | __main__:<module>:187 - Build new 3d databse successfully
2025-06-08 23:58:59.209 | INFO     | __main__:<module>:10 - Start Time: 2025-06-08 23:58:59.209934
2025-06-08 23:58:59.871 | INFO     | __main__:<module>:26 - Yolov7-Pose Model is successfully loaded
2025-06-08 23:58:59.950 | INFO     | __main__:__init__:59 - Video is successfully loaded
2025-06-08 23:58:59.950 | INFO     | __main__:__init__:62 - front video frames: 60.0 left video frames:60.0 right video frames: 60.0
2025-06-08 23:58:59.950 | INFO     | __main__:__init__:66 - video frames: 60.0
2025-06-08 23:59:36.112 | INFO     | __main__:<module>:148 - Build database completely
2025-06-08 23:59:36.112 | INFO     | __main__:<module>:149 - Total time: 36.162097692489624s
2025-06-08 23:59:44.705 | INFO     | __main__:<module>:187 - Build new 3d databse successfully
2025-06-08 23:59:44.707 | INFO     | __main__:<module>:196 - The database has been closed
2025-06-09 00:01:14.187 | INFO     | __main__:<module>:10 - Start Time: 2025-06-09 00:01:14.187575
2025-06-09 00:01:14.734 | INFO     | __main__:<module>:26 - Yolov7-Pose Model is successfully loaded
2025-06-09 00:01:15.129 | INFO     | __main__:__init__:59 - Video is successfully loaded
2025-06-09 00:01:15.129 | INFO     | __main__:__init__:62 - front video frames: 0.0 left video frames:0.0 right video frames: 0.0
2025-06-09 00:01:15.129 | INFO     | __main__:__init__:66 - video frames: 0.0
2025-06-09 00:01:15.145 | INFO     | __main__:<module>:148 - Build database completely
2025-06-09 00:01:15.145 | INFO     | __main__:<module>:149 - Total time: 0.01580524444580078s
2025-06-09 00:01:15.145 | INFO     | __main__:<module>:187 - Build new 3d databse successfully
2025-06-09 00:01:15.145 | INFO     | __main__:<module>:196 - The database has been closed
2025-06-09 00:02:10.936 | INFO     | __main__:<module>:10 - Start Time: 2025-06-09 00:02:10.936071
2025-06-09 00:02:11.286 | INFO     | __main__:<module>:26 - Yolov7-Pose Model is successfully loaded
2025-06-09 00:02:11.296 | INFO     | __main__:__init__:59 - Video is successfully loaded
2025-06-09 00:02:11.297 | INFO     | __main__:__init__:62 - front video frames: 60.0 left video frames:60.0 right video frames: 60.0
2025-06-09 00:02:11.297 | INFO     | __main__:__init__:66 - video frames: 60.0
2025-06-09 00:02:23.498 | INFO     | __main__:<module>:148 - Build database completely
2025-06-09 00:02:23.498 | INFO     | __main__:<module>:149 - Total time: 12.200879335403442s
2025-06-09 00:02:26.154 | INFO     | __main__:<module>:187 - Build new 3d databse successfully
2025-06-09 00:02:26.158 | INFO     | __main__:<module>:196 - The database has been closed
2025-06-09 00:03:35.826 | INFO     | __main__:<module>:10 - Start Time: 2025-06-09 00:03:35.826847
2025-06-09 00:03:36.294 | INFO     | __main__:<module>:26 - Yolov7-Pose Model is successfully loaded
2025-06-09 00:03:36.303 | INFO     | __main__:__init__:59 - Video is successfully loaded
2025-06-09 00:03:36.304 | INFO     | __main__:__init__:62 - front video frames: 60.0 left video frames:60.0 right video frames: 60.0
2025-06-09 00:03:36.304 | INFO     | __main__:__init__:66 - video frames: 60.0
2025-06-09 00:03:36.305 | WARNING  | __main__:<module>:118 - Database building, do not quit
2025-06-09 00:03:47.780 | INFO     | __main__:<module>:150 - Build database completely
2025-06-09 00:03:47.780 | INFO     | __main__:<module>:151 - Total time: 11.474713325500488s
2025-06-09 00:03:50.452 | INFO     | __main__:<module>:189 - Build new 3d databse successfully
2025-06-09 00:03:50.452 | INFO     | __main__:<module>:198 - The database has been closed
2025-06-09 00:04:20.460 | INFO     | __main__:<module>:10 - Start Time: 2025-06-09 00:04:20.460483
2025-06-09 00:04:20.971 | INFO     | __main__:<module>:26 - Yolov7-Pose Model is successfully loaded
2025-06-09 00:04:20.984 | INFO     | __main__:__init__:59 - Video is successfully loaded
2025-06-09 00:04:20.984 | INFO     | __main__:__init__:62 - front video frames: 60.0 left video frames:60.0 right video frames: 60.0
2025-06-09 00:04:20.984 | INFO     | __main__:__init__:66 - video frames: 60.0
2025-06-09 00:04:21.572 | WARNING  | __main__:<module>:140 - <--- Database building, do not quit --->
2025-06-09 00:04:21.703 | WARNING  | __main__:<module>:140 - <--- Database building, do not quit --->
2025-06-09 00:04:21.836 | WARNING  | __main__:<module>:140 - <--- Database building, do not quit --->
2025-06-09 00:04:22.117 | WARNING  | __main__:<module>:140 - <--- Database building, do not quit --->
2025-06-09 00:04:22.254 | WARNING  | __main__:<module>:140 - <--- Database building, do not quit --->
2025-06-09 00:04:22.378 | WARNING  | __main__:<module>:140 - <--- Database building, do not quit --->
2025-06-09 00:04:22.640 | WARNING  | __main__:<module>:140 - <--- Database building, do not quit --->
2025-06-09 00:04:22.771 | WARNING  | __main__:<module>:140 - <--- Database building, do not quit --->
2025-06-09 00:04:22.903 | WARNING  | __main__:<module>:140 - <--- Database building, do not quit --->
2025-06-09 00:04:23.184 | WARNING  | __main__:<module>:140 - <--- Database building, do not quit --->
2025-06-09 00:04:23.331 | WARNING  | __main__:<module>:140 - <--- Database building, do not quit --->
2025-06-09 00:04:23.466 | WARNING  | __main__:<module>:140 - <--- Database building, do not quit --->
2025-06-09 00:04:23.751 | WARNING  | __main__:<module>:140 - <--- Database building, do not quit --->
2025-06-09 00:04:23.884 | WARNING  | __main__:<module>:140 - <--- Database building, do not quit --->
2025-06-09 00:04:24.039 | WARNING  | __main__:<module>:140 - <--- Database building, do not quit --->
2025-06-09 00:04:24.331 | WARNING  | __main__:<module>:140 - <--- Database building, do not quit --->
2025-06-09 00:04:24.467 | WARNING  | __main__:<module>:140 - <--- Database building, do not quit --->
2025-06-09 00:04:24.614 | WARNING  | __main__:<module>:140 - <--- Database building, do not quit --->
2025-06-09 00:04:24.905 | WARNING  | __main__:<module>:140 - <--- Database building, do not quit --->
2025-06-09 00:04:25.041 | WARNING  | __main__:<module>:140 - <--- Database building, do not quit --->
2025-06-09 00:04:25.172 | WARNING  | __main__:<module>:140 - <--- Database building, do not quit --->
2025-06-09 00:04:25.438 | WARNING  | __main__:<module>:140 - <--- Database building, do not quit --->
2025-06-09 00:04:25.581 | WARNING  | __main__:<module>:140 - <--- Database building, do not quit --->
2025-06-09 00:04:25.710 | WARNING  | __main__:<module>:140 - <--- Database building, do not quit --->
2025-06-09 00:04:25.960 | WARNING  | __main__:<module>:140 - <--- Database building, do not quit --->
2025-06-09 00:04:26.086 | WARNING  | __main__:<module>:140 - <--- Database building, do not quit --->
2025-06-09 00:04:26.224 | WARNING  | __main__:<module>:140 - <--- Database building, do not quit --->
2025-06-09 00:04:26.489 | WARNING  | __main__:<module>:140 - <--- Database building, do not quit --->
2025-06-09 00:04:26.616 | WARNING  | __main__:<module>:140 - <--- Database building, do not quit --->
2025-06-09 00:04:26.742 | WARNING  | __main__:<module>:140 - <--- Database building, do not quit --->
2025-06-09 00:04:27.012 | WARNING  | __main__:<module>:140 - <--- Database building, do not quit --->
2025-06-09 00:04:27.152 | WARNING  | __main__:<module>:140 - <--- Database building, do not quit --->
2025-06-09 00:04:27.279 | WARNING  | __main__:<module>:140 - <--- Database building, do not quit --->
2025-06-09 00:04:27.564 | WARNING  | __main__:<module>:140 - <--- Database building, do not quit --->
2025-06-09 00:04:27.693 | WARNING  | __main__:<module>:140 - <--- Database building, do not quit --->
2025-06-09 00:04:27.822 | WARNING  | __main__:<module>:140 - <--- Database building, do not quit --->
2025-06-09 00:04:28.112 | WARNING  | __main__:<module>:140 - <--- Database building, do not quit --->
2025-06-09 00:04:28.247 | WARNING  | __main__:<module>:140 - <--- Database building, do not quit --->
2025-06-09 00:04:28.386 | WARNING  | __main__:<module>:140 - <--- Database building, do not quit --->
2025-06-09 00:04:28.662 | WARNING  | __main__:<module>:140 - <--- Database building, do not quit --->
2025-06-09 00:04:28.785 | WARNING  | __main__:<module>:140 - <--- Database building, do not quit --->
2025-06-09 00:04:28.935 | WARNING  | __main__:<module>:140 - <--- Database building, do not quit --->
2025-06-09 00:04:29.217 | WARNING  | __main__:<module>:140 - <--- Database building, do not quit --->
2025-06-09 00:04:29.347 | WARNING  | __main__:<module>:140 - <--- Database building, do not quit --->
2025-06-09 00:04:29.473 | WARNING  | __main__:<module>:140 - <--- Database building, do not quit --->
2025-06-09 00:04:29.753 | WARNING  | __main__:<module>:140 - <--- Database building, do not quit --->
2025-06-09 00:04:29.890 | WARNING  | __main__:<module>:140 - <--- Database building, do not quit --->
2025-06-09 00:04:30.033 | WARNING  | __main__:<module>:140 - <--- Database building, do not quit --->
2025-06-09 00:04:30.311 | WARNING  | __main__:<module>:140 - <--- Database building, do not quit --->
2025-06-09 00:04:30.452 | WARNING  | __main__:<module>:140 - <--- Database building, do not quit --->
2025-06-09 00:04:30.582 | WARNING  | __main__:<module>:140 - <--- Database building, do not quit --->
2025-06-09 00:04:30.851 | WARNING  | __main__:<module>:140 - <--- Database building, do not quit --->
2025-06-09 00:04:30.984 | WARNING  | __main__:<module>:140 - <--- Database building, do not quit --->
2025-06-09 00:04:31.119 | WARNING  | __main__:<module>:140 - <--- Database building, do not quit --->
2025-06-09 00:04:31.387 | WARNING  | __main__:<module>:140 - <--- Database building, do not quit --->
2025-06-09 00:04:31.514 | WARNING  | __main__:<module>:140 - <--- Database building, do not quit --->
2025-06-09 00:04:31.642 | WARNING  | __main__:<module>:140 - <--- Database building, do not quit --->
2025-06-09 00:04:31.920 | WARNING  | __main__:<module>:140 - <--- Database building, do not quit --->
2025-06-09 00:04:32.051 | WARNING  | __main__:<module>:140 - <--- Database building, do not quit --->
2025-06-09 00:04:32.174 | WARNING  | __main__:<module>:140 - <--- Database building, do not quit --->
2025-06-09 00:04:32.314 | INFO     | __main__:<module>:150 - Build database completely
2025-06-09 00:04:32.314 | INFO     | __main__:<module>:151 - Total time: 11.329484224319458s
2025-06-09 00:04:35.020 | INFO     | __main__:<module>:189 - Build new 3d databse successfully
2025-06-09 00:04:35.020 | INFO     | __main__:<module>:198 - The database has been closed
2025-06-09 00:05:00.552 | INFO     | __main__:<module>:10 - Start Time: 2025-06-09 00:05:00.552380
2025-06-09 00:05:01.054 | INFO     | __main__:<module>:26 - Yolov7-Pose Model is successfully loaded
2025-06-09 00:05:01.072 | INFO     | __main__:__init__:59 - Video is successfully loaded
2025-06-09 00:05:01.077 | INFO     | __main__:__init__:62 - front video frames: 60.0 left video frames:60.0 right video frames: 60.0
2025-06-09 00:05:01.077 | INFO     | __main__:__init__:66 - video frames: 60.0
2025-06-09 00:05:13.002 | WARNING  | __main__:<module>:150 - <--- Database building, do not quit --->
2025-06-09 00:05:13.002 | INFO     | __main__:<module>:151 - Build database completely
2025-06-09 00:05:13.002 | INFO     | __main__:<module>:152 - Total time: 11.924694538116455s
2025-06-09 00:05:15.821 | INFO     | __main__:<module>:190 - Build new 3d databse successfully
2025-06-09 00:05:15.821 | INFO     | __main__:<module>:199 - The database has been closed
2025-06-09 00:05:40.065 | INFO     | __main__:<module>:10 - Start Time: 2025-06-09 00:05:40.065573
2025-06-09 00:05:40.551 | INFO     | __main__:<module>:26 - Yolov7-Pose Model is successfully loaded
2025-06-09 00:05:41.051 | INFO     | __main__:__init__:59 - Video is successfully loaded
2025-06-09 00:05:41.051 | INFO     | __main__:__init__:62 - front video frames: 60.0 left video frames:60.0 right video frames: 60.0
2025-06-09 00:05:41.051 | INFO     | __main__:__init__:66 - video frames: 60.0
2025-06-09 00:05:52.522 | INFO     | __main__:<module>:150 - Build database completely
2025-06-09 00:05:52.522 | INFO     | __main__:<module>:151 - Total time: 11.468527555465698s
2025-06-09 00:05:52.522 | WARNING  | __main__:<module>:156 - <--- Database building, do not quit --->
2025-06-09 00:05:55.345 | INFO     | __main__:<module>:191 - Build new 3d databse successfully
2025-06-09 00:05:55.355 | INFO     | __main__:<module>:200 - The database has been closed
2025-06-09 00:14:14.648 | INFO     | __main__:<module>:10 - Start Time: 2025-06-09 00:14:14.648395
2025-06-09 00:14:15.133 | INFO     | __main__:<module>:26 - Yolov7-Pose Model is successfully loaded
2025-06-09 00:14:15.133 | INFO     | __main__:<module>:113 - Frame Extraction: 3
2025-06-09 00:14:15.148 | INFO     | __main__:__init__:59 - Video is successfully loaded
2025-06-09 00:14:15.148 | INFO     | __main__:__init__:62 - front video frames: 60.0 left video frames:60.0 right video frames: 60.0
2025-06-09 00:14:15.148 | INFO     | __main__:__init__:66 - video frames: 60.0
2025-06-09 00:14:26.827 | INFO     | __main__:<module>:151 - Build database completely
2025-06-09 00:14:26.827 | INFO     | __main__:<module>:152 - Total time: 11.678208827972412s
2025-06-09 00:14:26.827 | WARNING  | __main__:<module>:157 - <--- Database building, do not quit --->
2025-06-09 00:14:29.808 | INFO     | __main__:<module>:192 - Build new 3d databse successfully
2025-06-09 00:14:29.808 | INFO     | __main__:<module>:201 - The database has been closed
2025-06-09 00:16:03.716 | INFO     | __main__:<module>:10 - Start Time: 2025-06-09 00:16:03.716390
2025-06-09 00:16:04.174 | INFO     | __main__:<module>:26 - Yolov7-Pose Model is successfully loaded
2025-06-09 00:16:04.174 | INFO     | __main__:<module>:113 - Frame Extraction: 3
2025-06-09 00:16:04.184 | INFO     | __main__:__init__:59 - Video is successfully loaded
2025-06-09 00:16:04.184 | INFO     | __main__:__init__:62 - front video frames: 60.0 left video frames:60.0 right video frames: 60.0
2025-06-09 00:16:04.184 | INFO     | __main__:__init__:66 - video frames: 60.0
2025-06-09 00:16:16.161 | INFO     | __main__:<module>:151 - Build database completely
2025-06-09 00:16:16.161 | INFO     | __main__:<module>:152 - Total time: 11.97649621963501s
2025-06-09 00:16:16.161 | WARNING  | __main__:<module>:157 - <--- Database building, do not quit --->
2025-06-09 00:16:18.927 | INFO     | __main__:<module>:192 - Build new 3d databse successfully
2025-06-09 00:16:18.928 | INFO     | __main__:<module>:201 - The database has been closed
2025-06-09 00:18:52.570 | INFO     | __main__:<module>:10 - Start Time: 2025-06-09 00:18:52.570614
2025-06-09 00:18:53.053 | INFO     | __main__:<module>:26 - Yolov7-Pose Model is successfully loaded
2025-06-09 00:18:53.053 | INFO     | __main__:<module>:113 - Frame Extraction: 3
2025-06-09 00:18:53.256 | INFO     | __main__:__init__:59 - Video is successfully loaded
2025-06-09 00:18:53.256 | INFO     | __main__:__init__:62 - front video frames: 60.0 left video frames:60.0 right video frames: 0.0
2025-06-09 00:18:53.256 | INFO     | __main__:__init__:66 - video frames: 0.0
2025-06-09 00:18:53.256 | INFO     | __main__:<module>:151 - Build database completely
2025-06-09 00:18:53.256 | INFO     | __main__:<module>:152 - Total time: 0.0s
2025-06-09 00:18:53.256 | WARNING  | __main__:<module>:157 - <--- Database building, do not quit --->
2025-06-09 00:18:53.256 | INFO     | __main__:<module>:192 - Build new 3d databse successfully
2025-06-09 00:18:53.256 | INFO     | __main__:<module>:201 - The database has been closed
2025-06-09 00:19:05.373 | INFO     | __main__:<module>:10 - Start Time: 2025-06-09 00:19:05.373892
2025-06-09 00:19:05.860 | INFO     | __main__:<module>:26 - Yolov7-Pose Model is successfully loaded
2025-06-09 00:19:05.860 | INFO     | __main__:<module>:113 - Frame Extraction: 3
2025-06-09 00:19:05.881 | INFO     | __main__:__init__:59 - Video is successfully loaded
2025-06-09 00:19:05.881 | INFO     | __main__:__init__:62 - front video frames: 60.0 left video frames:60.0 right video frames: 60.0
2025-06-09 00:19:05.881 | INFO     | __main__:__init__:66 - video frames: 60.0
2025-06-09 00:19:18.003 | INFO     | __main__:<module>:151 - Build database completely
2025-06-09 00:19:18.003 | INFO     | __main__:<module>:152 - Total time: 12.121790647506714s
2025-06-09 00:19:18.003 | WARNING  | __main__:<module>:157 - <--- Database building, do not quit --->
2025-06-09 00:19:20.809 | INFO     | __main__:<module>:192 - Build new 3d databse successfully
2025-06-09 00:19:20.809 | INFO     | __main__:<module>:201 - The database has been closed
2025-06-09 11:04:03.729 | INFO     | __main__:<module>:10 - Start Time: 2025-06-09 11:04:03.729831
2025-06-09 11:04:04.343 | INFO     | __main__:<module>:26 - Yolov7-Pose Model is successfully loaded
2025-06-09 11:04:04.343 | INFO     | __main__:<module>:113 - Frame Extraction: 3
2025-06-09 11:04:04.447 | INFO     | __main__:__init__:59 - Video is successfully loaded
2025-06-09 11:04:04.448 | INFO     | __main__:__init__:62 - front video frames: 60.0 left video frames:60.0 right video frames: 60.0
2025-06-09 11:04:04.448 | INFO     | __main__:__init__:66 - video frames: 60.0
2025-06-09 11:05:38.153 | INFO     | __main__:<module>:10 - Start Time: 2025-06-09 11:05:38.153308
2025-06-09 11:05:38.153 | INFO     | __main__:<module>:16 - Create a new database......
2025-06-09 11:05:38.677 | INFO     | __main__:<module>:26 - Yolov7-Pose Model is successfully loaded
2025-06-09 11:05:38.677 | INFO     | __main__:<module>:113 - Frame Extraction: 3
2025-06-09 11:05:38.691 | INFO     | __main__:__init__:59 - Video is successfully loaded
2025-06-09 11:05:38.692 | INFO     | __main__:__init__:62 - front video frames: 60.0 left video frames:60.0 right video frames: 60.0
2025-06-09 11:05:38.693 | INFO     | __main__:__init__:66 - video frames: 60.0
2025-06-09 11:05:51.137 | INFO     | __main__:<module>:151 - Build database completely
2025-06-09 11:05:51.137 | INFO     | __main__:<module>:152 - Total time: 12.444263458251953s
2025-06-09 11:05:51.141 | WARNING  | __main__:<module>:157 - <--- Database building, do not quit --->
2025-06-09 11:05:53.918 | INFO     | __main__:<module>:192 - Build new 3d databse successfully
2025-06-09 11:05:53.918 | INFO     | __main__:<module>:201 - The database has been closed
2025-06-09 11:19:07.727 | INFO     | __main__:<module>:12 - Start Time: 2025-06-09 11:19:07.727769
2025-06-09 11:19:08.180 | INFO     | __main__:<module>:28 - Yolov7-Pose Model is successfully loaded
2025-06-09 11:19:08.182 | INFO     | __main__:<module>:119 - Frame Extraction: 3
2025-06-09 11:19:08.189 | INFO     | __main__:__init__:62 - Video is successfully loaded
2025-06-09 11:19:08.189 | INFO     | __main__:__init__:65 - front video frames: 60.0 left video frames:60.0 right video frames: 60.0
2025-06-09 11:19:08.189 | INFO     | __main__:__init__:69 - video frames: 60.0
2025-06-09 11:19:19.573 | INFO     | __main__:<module>:157 - Build database completely
2025-06-09 11:19:19.573 | INFO     | __main__:<module>:158 - Total time: 11.383946418762207s
2025-06-09 11:19:19.573 | WARNING  | __main__:<module>:163 - <--- Database building, do not quit --->
2025-06-09 11:19:22.297 | INFO     | __main__:<module>:198 - Build new 3d databse successfully
2025-06-09 11:19:22.298 | INFO     | __main__:<module>:207 - The database has been closed
2025-06-09 16:04:04.502 | INFO     | __main__:<module>:12 - Start Time: 2025-06-09 16:04:04.502108
2025-06-09 16:04:05.301 | INFO     | __main__:<module>:100 - Yolov7-Pose Model is successfully loaded
2025-06-09 16:04:17.378 | INFO     | __main__:<module>:201 - Frame Extraction: 3
2025-06-09 16:04:17.428 | INFO     | __main__:__init__:134 - Video is successfully loaded
2025-06-09 16:04:17.429 | INFO     | __main__:__init__:137 - front video frames: 60.0 left video frames:60.0 right video frames: 60.0
2025-06-09 16:04:17.429 | INFO     | __main__:__init__:141 - video frames: 60.0
2025-06-09 16:04:39.243 | INFO     | __main__:<module>:12 - Start Time: 2025-06-09 16:04:39.243755
2025-06-09 16:04:39.244 | INFO     | __main__:<module>:87 - Create a new database......
2025-06-09 16:04:39.820 | INFO     | __main__:<module>:100 - Yolov7-Pose Model is successfully loaded
2025-06-09 16:04:39.923 | INFO     | __main__:<module>:201 - Frame Extraction: 3
2025-06-09 16:04:39.931 | INFO     | __main__:__init__:134 - Video is successfully loaded
2025-06-09 16:04:39.931 | INFO     | __main__:__init__:137 - front video frames: 60.0 left video frames:60.0 right video frames: 60.0
2025-06-09 16:04:39.931 | INFO     | __main__:__init__:141 - video frames: 60.0
2025-06-09 16:11:54.631 | INFO     | __main__:<module>:12 - Start Time: 2025-06-09 16:11:54.631488
2025-06-09 16:11:54.632 | INFO     | __main__:<module>:20 - Create a new database......
2025-06-09 16:11:55.080 | INFO     | __main__:<module>:33 - Yolov7-Pose Model is successfully loaded
2025-06-09 16:11:59.938 | INFO     | __main__:Video:124 - Frame Extraction: 3
2025-06-09 16:11:59.941 | INFO     | __main__:__init__:67 - Video is successfully loaded
2025-06-09 16:11:59.941 | INFO     | __main__:__init__:70 - front video frames: 60.0 left video frames:60.0 right video frames: 60.0
2025-06-09 16:11:59.941 | INFO     | __main__:__init__:74 - video frames: 60.0
2025-06-09 16:12:11.694 | INFO     | __main__:Video:163 - Build database completely
2025-06-09 16:12:11.694 | INFO     | __main__:Video:164 - Total time: 11.753352403640747s
2025-06-09 16:12:11.694 | WARNING  | __main__:Video:169 - <--- Database building, do not quit --->
2025-06-09 16:12:14.484 | INFO     | __main__:Video:204 - Build new 3d databse successfully
2025-06-09 16:12:14.484 | INFO     | __main__:Video:213 - The database has been closed
2025-06-09 16:23:17.185 | INFO     | __main__:<module>:12 - Start Time: 2025-06-09 16:23:17.185485
2025-06-09 16:23:17.852 | INFO     | __main__:<module>:33 - Yolov7-Pose Model is successfully loaded
2025-06-09 16:23:22.621 | INFO     | __main__:__init__:79 - Detect Mode: Images
2025-06-09 16:33:17.961 | INFO     | __main__:<module>:12 - Start Time: 2025-06-09 16:33:17.961195
2025-06-09 16:33:17.961 | INFO     | __main__:<module>:20 - Create a new database......
2025-06-09 16:33:18.536 | INFO     | __main__:<module>:33 - Yolov7-Pose Model is successfully loaded
2025-06-09 16:33:23.011 | INFO     | __main__:__init__:80 - Detect Mode: Images
2025-06-09 16:35:35.002 | INFO     | __main__:<module>:12 - Start Time: 2025-06-09 16:35:35.002371
2025-06-09 16:35:35.010 | INFO     | __main__:<module>:20 - Create a new database......
2025-06-09 16:35:35.693 | INFO     | __main__:<module>:33 - Yolov7-Pose Model is successfully loaded
2025-06-09 16:35:41.136 | INFO     | __main__:__init__:80 - Detect Mode: Images
2025-06-09 16:37:48.625 | INFO     | __main__:<module>:12 - Start Time: 2025-06-09 16:37:48.625143
2025-06-09 16:37:48.625 | INFO     | __main__:<module>:20 - Create a new database......
2025-06-09 16:37:49.141 | INFO     | __main__:<module>:33 - Yolov7-Pose Model is successfully loaded
2025-06-09 16:37:53.818 | INFO     | __main__:__init__:80 - Detect Mode: Images
2025-06-09 16:38:18.241 | INFO     | __main__:<module>:12 - Start Time: 2025-06-09 16:38:18.241142
2025-06-09 16:38:18.241 | INFO     | __main__:<module>:20 - Create a new database......
2025-06-09 16:38:18.750 | INFO     | __main__:<module>:33 - Yolov7-Pose Model is successfully loaded
2025-06-09 16:38:23.774 | INFO     | __main__:__init__:80 - Detect Mode: Images
2025-06-09 16:41:23.442 | INFO     | __main__:<module>:12 - Start Time: 2025-06-09 16:41:23.442690
2025-06-09 16:41:23.442 | INFO     | __main__:<module>:20 - Create a new database......
2025-06-09 16:41:23.972 | INFO     | __main__:<module>:33 - Yolov7-Pose Model is successfully loaded
2025-06-09 16:41:30.236 | INFO     | __main__:__init__:80 - Detect Mode: Images
2025-06-09 16:45:34.505 | INFO     | __main__:<module>:12 - Start Time: 2025-06-09 16:45:34.505334
2025-06-09 16:45:34.506 | INFO     | __main__:<module>:20 - Create a new database......
2025-06-09 16:45:35.061 | INFO     | __main__:<module>:33 - Yolov7-Pose Model is successfully loaded
2025-06-09 16:45:41.573 | INFO     | __main__:__init__:80 - Detect Mode: Images
2025-06-09 16:46:33.518 | INFO     | __main__:<module>:12 - Start Time: 2025-06-09 16:46:33.518709
2025-06-09 16:46:33.518 | INFO     | __main__:<module>:20 - Create a new database......
2025-06-09 16:46:33.998 | INFO     | __main__:<module>:33 - Yolov7-Pose Model is successfully loaded
2025-06-09 16:46:39.589 | INFO     | __main__:__init__:80 - Detect Mode: Images
2025-06-09 16:46:44.968 | INFO     | __main__:Images:282 - Build database completely
2025-06-09 16:46:44.968 | INFO     | __main__:Images:283 - Total time: 5.377909421920776s
2025-06-09 16:46:44.968 | WARNING  | __main__:Images:288 - <--- Database building, do not quit --->
2025-06-09 16:46:46.163 | INFO     | __main__:Images:323 - Build new 3d databse successfully
2025-06-09 16:46:46.167 | INFO     | __main__:Images:330 - The database has been closed
2025-06-09 16:53:26.004 | INFO     | __main__:<module>:12 - Start Time: 2025-06-09 16:53:26.004404
2025-06-09 16:53:26.507 | INFO     | __main__:<module>:33 - Yolov7-Pose Model is successfully loaded
2025-06-09 16:53:30.430 | INFO     | __main__:Video:150 - Frame Extraction: 3
2025-06-09 16:53:30.430 | INFO     | __main__:__init__:61 - Detect Mode: Video
2025-06-09 16:53:30.436 | INFO     | __main__:__init__:70 - Video is successfully loaded
2025-06-09 16:53:30.437 | INFO     | __main__:__init__:73 - front video frames: 60.0 left video frames:60.0 right video frames: 60.0
2025-06-09 16:53:30.437 | INFO     | __main__:__init__:77 - video frames: 60.0
2025-06-09 16:58:11.669 | INFO     | __main__:<module>:12 - Start Time: 2025-06-09 16:58:11.669176
2025-06-09 16:58:11.669 | INFO     | __main__:<module>:20 - Create a new database......
2025-06-09 16:58:12.157 | INFO     | __main__:<module>:33 - Yolov7-Pose Model is successfully loaded
2025-06-09 16:58:17.226 | INFO     | __main__:__init__:80 - Detect Mode: Images
2025-06-09 16:58:17.227 | INFO     | __main__:Images:291 - Build database completely
2025-06-09 16:58:17.227 | INFO     | __main__:Images:292 - Total time: 0.0017278194427490234s
2025-06-09 16:58:17.227 | WARNING  | __main__:Images:297 - <--- Database building, do not quit --->
2025-06-09 16:58:17.229 | INFO     | __main__:Images:332 - Build new 3d databse successfully
2025-06-09 16:58:17.229 | INFO     | __main__:Images:339 - The database has been closed
2025-06-09 16:59:38.626 | INFO     | __main__:<module>:12 - Start Time: 2025-06-09 16:59:38.626558
2025-06-09 16:59:39.100 | INFO     | __main__:<module>:33 - Yolov7-Pose Model is successfully loaded
2025-06-09 16:59:45.409 | INFO     | __main__:__init__:80 - Detect Mode: Images
2025-06-09 17:00:24.698 | INFO     | __main__:<module>:12 - Start Time: 2025-06-09 17:00:24.698139
2025-06-09 17:00:24.698 | INFO     | __main__:<module>:20 - Create a new database......
2025-06-09 17:00:25.176 | INFO     | __main__:<module>:33 - Yolov7-Pose Model is successfully loaded
2025-06-09 17:00:29.477 | INFO     | __main__:__init__:80 - Detect Mode: Images
2025-06-09 17:02:00.891 | INFO     | __main__:<module>:12 - Start Time: 2025-06-09 17:02:00.891372
2025-06-09 17:02:00.892 | INFO     | __main__:<module>:20 - Create a new database......
2025-06-09 17:02:01.410 | INFO     | __main__:<module>:33 - Yolov7-Pose Model is successfully loaded
2025-06-09 17:02:07.050 | INFO     | __main__:__init__:80 - Detect Mode: Images
2025-06-09 17:03:03.175 | INFO     | __main__:<module>:12 - Start Time: 2025-06-09 17:03:03.175708
2025-06-09 17:03:03.175 | INFO     | __main__:<module>:20 - Create a new database......
2025-06-09 17:03:03.679 | INFO     | __main__:<module>:33 - Yolov7-Pose Model is successfully loaded
2025-06-09 17:03:07.101 | INFO     | __main__:__init__:80 - Detect Mode: Images
2025-06-09 17:04:21.077 | INFO     | __main__:<module>:12 - Start Time: 2025-06-09 17:04:21.077394
2025-06-09 17:04:21.077 | INFO     | __main__:<module>:20 - Create a new database......
2025-06-09 17:04:21.537 | INFO     | __main__:<module>:33 - Yolov7-Pose Model is successfully loaded
2025-06-09 17:04:29.608 | INFO     | __main__:__init__:80 - Detect Mode: Images
2025-06-09 17:04:36.860 | INFO     | __main__:Images:297 - Build database completely
2025-06-09 17:04:36.860 | INFO     | __main__:Images:298 - Total time: 7.251148462295532s
2025-06-09 17:04:36.860 | WARNING  | __main__:Images:303 - <--- Database building, do not quit --->
2025-06-09 17:04:38.541 | INFO     | __main__:Images:338 - Build new 3d databse successfully
2025-06-09 17:04:38.541 | INFO     | __main__:Images:345 - The database has been closed
2025-06-09 17:06:53.951 | INFO     | __main__:<module>:12 - Start Time: 2025-06-09 17:06:53.951963
2025-06-09 17:06:54.458 | INFO     | __main__:<module>:33 - Yolov7-Pose Model is successfully loaded
2025-06-09 17:06:58.953 | INFO     | __main__:Video:150 - Frame Extraction: 3
2025-06-09 17:06:58.954 | INFO     | __main__:__init__:61 - Detect Mode: Video
2025-06-09 17:06:58.956 | INFO     | __main__:__init__:70 - Video is successfully loaded
2025-06-09 17:06:58.956 | INFO     | __main__:__init__:73 - front video frames: 60.0 left video frames:60.0 right video frames: 60.0
2025-06-09 17:06:58.956 | INFO     | __main__:__init__:77 - video frames: 60.0
2025-06-09 17:07:30.151 | INFO     | __main__:Video:198 - Build database completely
2025-06-09 17:07:30.151 | INFO     | __main__:Video:199 - Total time: 31.194514751434326s
2025-06-09 17:07:30.152 | WARNING  | __main__:Video:204 - <--- Database building, do not quit --->
2025-06-09 17:07:39.344 | INFO     | __main__:Video:239 - Build new 3d databse successfully
2025-06-09 17:07:39.346 | INFO     | __main__:Video:248 - The database has been closed
2025-06-09 17:09:58.916 | INFO     | __main__:<module>:12 - Start Time: 2025-06-09 17:09:58.916988
2025-06-09 17:09:58.916 | INFO     | __main__:<module>:20 - Create a new database......
2025-06-09 17:09:59.391 | INFO     | __main__:<module>:33 - Yolov7-Pose Model is successfully loaded
2025-06-09 17:10:04.377 | INFO     | __main__:__init__:80 - Detect Mode: Images
2025-06-09 17:10:04.926 | ERROR    | __main__:Images:280 - Build Table Failed(OperationalError)--->TABLE front_frame_0
2025-06-09 17:10:32.118 | INFO     | __main__:<module>:12 - Start Time: 2025-06-09 17:10:32.118438
2025-06-09 17:10:32.683 | INFO     | __main__:<module>:33 - Yolov7-Pose Model is successfully loaded
2025-06-09 17:10:44.287 | INFO     | __main__:__init__:80 - Detect Mode: Images
2025-06-09 17:10:51.143 | INFO     | __main__:Images:300 - Build database completely
2025-06-09 17:10:51.143 | INFO     | __main__:Images:301 - Total time: 6.856827974319458s
2025-06-09 17:10:51.143 | WARNING  | __main__:Images:306 - <--- Database building, do not quit --->
2025-06-09 17:10:52.765 | INFO     | __main__:Images:341 - Build new 3d databse successfully
2025-06-09 17:10:52.765 | INFO     | __main__:Images:348 - The database has been closed
2025-06-09 17:12:29.139 | INFO     | __main__:<module>:12 - Start Time: 2025-06-09 17:12:29.139720
2025-06-09 17:12:29.626 | INFO     | __main__:<module>:33 - Yolov7-Pose Model is successfully loaded
2025-06-09 17:12:40.713 | INFO     | __main__:Video:150 - Frame Extraction: 3
2025-06-09 17:12:40.718 | INFO     | __main__:__init__:61 - Detect Mode: Video
2025-06-09 17:12:40.723 | INFO     | __main__:__init__:70 - Video is successfully loaded
2025-06-09 17:12:40.725 | INFO     | __main__:__init__:73 - front video frames: 60.0 left video frames:60.0 right video frames: 60.0
2025-06-09 17:12:40.725 | INFO     | __main__:__init__:77 - video frames: 60.0
2025-06-09 17:13:11.956 | INFO     | __main__:Video:198 - Build database completely
2025-06-09 17:13:11.956 | INFO     | __main__:Video:199 - Total time: 31.22999405860901s
2025-06-09 17:13:11.956 | WARNING  | __main__:Video:204 - <--- Database building, do not quit --->
2025-06-09 17:13:21.314 | INFO     | __main__:Video:239 - Build new 3d databse successfully
2025-06-09 17:13:21.321 | INFO     | __main__:Video:248 - The database has been closed
2025-06-09 17:15:51.126 | INFO     | __main__:<module>:12 - Start Time: 2025-06-09 17:15:51.126873
2025-06-09 17:15:51.638 | INFO     | __main__:<module>:33 - Yolov7-Pose Model is successfully loaded
2025-06-09 17:15:56.677 | INFO     | __main__:__init__:80 - Detect Mode: Images
2025-06-09 17:16:03.431 | INFO     | __main__:Images:300 - Build database completely
2025-06-09 17:16:03.431 | INFO     | __main__:Images:301 - Total time: 6.753634452819824s
2025-06-09 17:16:03.431 | WARNING  | __main__:Images:306 - <--- Database building, do not quit --->
2025-06-09 17:16:05.089 | INFO     | __main__:Images:341 - Build new 3d databse successfully
2025-06-09 17:16:05.089 | INFO     | __main__:Images:348 - The database has been closed
2025-06-09 19:42:47.114 | INFO     | __main__:<module>:12 - Start Time: 2025-06-09 19:42:47.114564
2025-06-09 19:42:47.116 | INFO     | __main__:<module>:21 - Create a new database......
2025-06-09 19:42:47.704 | INFO     | __main__:<module>:37 - Yolov7-Pose Model is successfully loaded
2025-06-09 19:42:54.570 | INFO     | __main__:__init__:84 - Detect Mode: Images
2025-06-09 19:42:57.662 | INFO     | __main__:Images:309 - Build database completely
2025-06-09 19:42:57.662 | INFO     | __main__:Images:310 - Total time: 3.091104745864868s
2025-06-09 19:42:57.662 | WARNING  | __main__:Images:315 - <--- Database building, do not quit --->
2025-06-09 19:42:58.221 | INFO     | __main__:Images:351 - Build new 3d databse successfully
2025-06-09 19:42:58.222 | INFO     | __main__:Images:358 - The database has been closed
2025-06-09 19:49:39.712 | INFO     | __main__:<module>:12 - Start Time: 2025-06-09 19:49:39.712477
2025-06-09 19:49:40.176 | INFO     | __main__:<module>:37 - Yolov7-Pose Model is successfully loaded
2025-06-09 19:49:44.478 | INFO     | __main__:__init__:84 - Detect Mode: Images
2025-06-09 19:50:36.153 | INFO     | __main__:<module>:12 - Start Time: 2025-06-09 19:50:36.153919
2025-06-09 19:50:36.154 | INFO     | __main__:<module>:21 - Create a new database......
2025-06-09 19:50:36.652 | INFO     | __main__:<module>:37 - Yolov7-Pose Model is successfully loaded
2025-06-09 19:50:40.616 | INFO     | __main__:__init__:84 - Detect Mode: Images
2025-06-09 19:51:32.507 | INFO     | __main__:<module>:12 - Start Time: 2025-06-09 19:51:32.507610
2025-06-09 19:51:32.507 | INFO     | __main__:<module>:21 - Create a new database......
2025-06-09 19:51:32.972 | INFO     | __main__:<module>:37 - Yolov7-Pose Model is successfully loaded
2025-06-09 19:51:36.826 | INFO     | __main__:__init__:84 - Detect Mode: Images
2025-06-09 19:53:10.644 | INFO     | __main__:<module>:12 - Start Time: 2025-06-09 19:53:10.644847
2025-06-09 19:53:10.645 | INFO     | __main__:<module>:21 - Create a new database......
2025-06-09 19:53:11.064 | INFO     | __main__:<module>:37 - Yolov7-Pose Model is successfully loaded
2025-06-09 19:53:14.806 | INFO     | __main__:__init__:84 - Detect Mode: Images
2025-06-09 19:53:17.772 | INFO     | __main__:Images:318 - Build database completely
2025-06-09 19:53:17.772 | INFO     | __main__:Images:319 - Total time: 2.965613603591919s
2025-06-09 19:53:17.772 | WARNING  | __main__:Images:324 - <--- Database building, do not quit --->
2025-06-09 19:53:18.346 | INFO     | __main__:Images:360 - Build new 3d databse successfully
2025-06-09 19:53:18.350 | INFO     | __main__:Images:369 - The database has been closed
2025-06-09 19:54:27.203 | INFO     | __main__:<module>:12 - Start Time: 2025-06-09 19:54:27.203017
2025-06-09 19:54:27.718 | INFO     | __main__:<module>:37 - Yolov7-Pose Model is successfully loaded
2025-06-09 19:54:31.572 | INFO     | __main__:__init__:84 - Detect Mode: Images
2025-06-09 19:54:34.826 | INFO     | __main__:Images:320 - Build database completely
2025-06-09 19:54:34.826 | INFO     | __main__:Images:321 - Total time: 3.2543375492095947s
2025-06-09 19:54:34.826 | WARNING  | __main__:Images:326 - <--- Database building, do not quit --->
2025-06-09 19:54:35.435 | INFO     | __main__:Images:362 - Build new 3d databse successfully
2025-06-09 19:54:35.436 | INFO     | __main__:Images:371 - The database has been closed
2025-06-09 19:58:27.191 | INFO     | __main__:<module>:12 - Start Time: 2025-06-09 19:58:27.191742
2025-06-09 19:58:27.655 | INFO     | __main__:<module>:37 - Yolov7-Pose Model is successfully loaded
2025-06-09 19:58:32.073 | INFO     | __main__:Video:156 - Frame Extraction: 3
2025-06-09 19:58:32.073 | INFO     | __main__:__init__:65 - Detect Mode: Video
2025-06-09 19:58:32.117 | INFO     | __main__:__init__:74 - Video is successfully loaded
2025-06-09 19:58:32.117 | INFO     | __main__:__init__:77 - front video frames: 60.0 left video frames:60.0 right video frames: 60.0
2025-06-09 19:58:32.117 | INFO     | __main__:__init__:81 - video frames: 60.0
2025-06-09 19:59:22.362 | INFO     | __main__:<module>:12 - Start Time: 2025-06-09 19:59:22.362081
2025-06-09 19:59:22.362 | INFO     | __main__:<module>:21 - Create a new database......
2025-06-09 19:59:22.847 | INFO     | __main__:<module>:37 - Yolov7-Pose Model is successfully loaded
2025-06-09 19:59:26.844 | INFO     | __main__:Video:156 - Frame Extraction: 3
2025-06-09 19:59:26.845 | INFO     | __main__:__init__:65 - Detect Mode: Video
2025-06-09 19:59:26.851 | INFO     | __main__:__init__:74 - Video is successfully loaded
2025-06-09 19:59:26.851 | INFO     | __main__:__init__:77 - front video frames: 60.0 left video frames:60.0 right video frames: 60.0
2025-06-09 19:59:26.852 | INFO     | __main__:__init__:81 - video frames: 60.0
2025-06-09 19:59:57.652 | INFO     | __main__:<module>:12 - Start Time: 2025-06-09 19:59:57.652723
2025-06-09 19:59:57.653 | INFO     | __main__:<module>:21 - Create a new database......
2025-06-09 19:59:58.156 | INFO     | __main__:<module>:37 - Yolov7-Pose Model is successfully loaded
2025-06-09 20:00:05.543 | INFO     | __main__:Video:156 - Frame Extraction: 3
2025-06-09 20:00:05.543 | INFO     | __main__:__init__:65 - Detect Mode: Video
2025-06-09 20:00:05.547 | INFO     | __main__:__init__:74 - Video is successfully loaded
2025-06-09 20:00:05.547 | INFO     | __main__:__init__:77 - front video frames: 60.0 left video frames:60.0 right video frames: 60.0
2025-06-09 20:00:05.547 | INFO     | __main__:__init__:81 - video frames: 60.0
2025-06-09 20:00:19.368 | INFO     | __main__:Video:219 - Build database completely
2025-06-09 20:00:19.368 | INFO     | __main__:Video:220 - Total time: 13.820682525634766s
2025-06-09 20:00:19.368 | WARNING  | __main__:Video:225 - <--- Database building, do not quit --->
2025-06-09 20:00:22.342 | INFO     | __main__:Video:260 - Build new 3d databse successfully
2025-06-09 20:00:22.343 | INFO     | __main__:Video:271 - The database has been closed
2025-06-11 14:29:01.650 | INFO     | __main__:<module>:12 - Start Time: 2025-06-11 14:29:01.650706
2025-06-11 14:29:01.651 | INFO     | __main__:<module>:21 - Create a new database......
2025-06-11 14:29:02.107 | INFO     | __main__:<module>:37 - Yolov7-Pose Model is successfully loaded
2025-06-11 14:29:17.417 | INFO     | __main__:__init__:84 - Detect Mode: Images
2025-06-11 14:29:18.498 | ERROR    | __main__:Images:323 - Build Table Failed(OperationalError)--->TABLE front_frame_0
2025-06-11 14:29:41.168 | INFO     | __main__:__init__:84 - Detect Mode: Images
2025-06-11 14:29:41.705 | ERROR    | __main__:Images:323 - Build Table Failed(OperationalError)--->TABLE front_frame_0
2025-06-11 14:30:02.485 | INFO     | __main__:<module>:12 - Start Time: 2025-06-11 14:30:02.485548
2025-06-11 14:30:02.922 | INFO     | __main__:<module>:37 - Yolov7-Pose Model is successfully loaded
2025-06-11 14:30:06.245 | INFO     | __main__:__init__:84 - Detect Mode: Images
2025-06-11 14:30:13.176 | INFO     | __main__:Images:340 - Build database completely
2025-06-11 14:30:13.176 | INFO     | __main__:Images:341 - Total time: 6.931291341781616s
2025-06-11 14:30:13.176 | WARNING  | __main__:Images:346 - <--- Database building, do not quit --->
2025-06-11 14:30:14.607 | INFO     | __main__:Images:382 - Build new 3d databse successfully
2025-06-11 14:30:14.607 | INFO     | __main__:Images:391 - The database has been closed
2025-06-11 14:37:10.236 | INFO     | __main__:<module>:12 - Start Time: 2025-06-11 14:37:10.236744
2025-06-11 14:37:10.781 | INFO     | __main__:<module>:37 - Yolov7-Pose Model is successfully loaded
2025-06-11 15:15:26.157 | INFO     | __main__:<module>:12 - Start Time: 2025-06-11 15:15:26.157381
2025-06-11 15:15:26.157 | INFO     | __main__:<module>:21 - Create a new database......
2025-06-11 15:15:26.857 | INFO     | __main__:<module>:37 - Yolov7-Pose Model is successfully loaded
2025-06-11 15:15:31.183 | INFO     | __main__:__init__:84 - Detect Mode: Images
2025-06-11 15:15:35.341 | INFO     | __main__:Images:340 - Build database completely
2025-06-11 15:15:35.342 | INFO     | __main__:Images:341 - Total time: 4.1593098640441895s
2025-06-11 15:15:35.342 | WARNING  | __main__:Images:346 - <--- Database building, do not quit --->
2025-06-11 15:15:36.057 | INFO     | __main__:Images:382 - Build new 3d databse successfully
2025-06-11 15:15:36.057 | INFO     | __main__:Images:391 - The database has been closed
2025-06-11 16:17:02.132 | INFO     | __main__:<module>:12 - Start Time: 2025-06-11 16:17:02.132282
2025-06-11 16:17:02.653 | INFO     | __main__:<module>:37 - Yolov7-Pose Model is successfully loaded
2025-06-11 16:17:12.042 | INFO     | __main__:__init__:84 - Detect Mode: Images
2025-06-11 16:17:16.075 | INFO     | __main__:Images:340 - Build database completely
2025-06-11 16:17:16.075 | INFO     | __main__:Images:341 - Total time: 4.031876564025879s
2025-06-11 16:17:16.075 | WARNING  | __main__:Images:346 - <--- Database building, do not quit --->
2025-06-11 16:17:16.758 | INFO     | __main__:Images:382 - Build new 3d databse successfully
2025-06-11 16:17:16.758 | INFO     | __main__:Images:391 - The database has been closed
2025-06-11 16:25:27.670 | INFO     | __main__:<module>:12 - Start Time: 2025-06-11 16:25:27.670868
2025-06-11 16:25:28.081 | INFO     | __main__:<module>:37 - Yolov7-Pose Model is successfully loaded
2025-06-11 16:25:32.949 | INFO     | __main__:__init__:84 - Detect Mode: Images
2025-06-11 16:25:36.737 | INFO     | __main__:Images:340 - Build database completely
2025-06-11 16:25:36.737 | INFO     | __main__:Images:341 - Total time: 3.7885892391204834s
2025-06-11 16:25:36.747 | WARNING  | __main__:Images:346 - <--- Database building, do not quit --->
2025-06-11 16:25:37.462 | INFO     | __main__:Images:382 - Build new 3d databse successfully
2025-06-11 16:25:37.468 | INFO     | __main__:Images:391 - The database has been closed
2025-06-11 16:27:08.351 | INFO     | __main__:<module>:12 - Start Time: 2025-06-11 16:27:08.351581
2025-06-11 16:27:08.760 | INFO     | __main__:<module>:37 - Yolov7-Pose Model is successfully loaded
2025-06-11 16:27:14.825 | INFO     | __main__:__init__:84 - Detect Mode: Images
2025-06-11 16:27:18.762 | INFO     | __main__:Images:341 - Build database completely
2025-06-11 16:27:18.762 | INFO     | __main__:Images:342 - Total time: 3.937483549118042s
2025-06-11 16:27:18.762 | WARNING  | __main__:Images:347 - <--- Database building, do not quit --->
2025-06-11 16:27:19.522 | INFO     | __main__:Images:383 - Build new 3d databse successfully
2025-06-11 16:27:19.522 | INFO     | __main__:Images:392 - The database has been closed
2025-06-11 16:27:41.975 | INFO     | __main__:<module>:12 - Start Time: 2025-06-11 16:27:41.975034
2025-06-11 16:27:42.509 | INFO     | __main__:<module>:37 - Yolov7-Pose Model is successfully loaded
2025-06-11 16:28:16.559 | INFO     | __main__:<module>:12 - Start Time: 2025-06-11 16:28:16.559589
2025-06-11 16:28:16.559 | INFO     | __main__:<module>:21 - Create a new database......
2025-06-11 16:28:17.019 | INFO     | __main__:<module>:37 - Yolov7-Pose Model is successfully loaded
2025-06-11 16:28:35.639 | INFO     | __main__:__init__:84 - Detect Mode: Images
2025-06-11 16:28:39.969 | INFO     | __main__:Images:340 - Build database completely
2025-06-11 16:28:39.970 | INFO     | __main__:Images:341 - Total time: 4.330622911453247s
2025-06-11 16:28:39.970 | WARNING  | __main__:Images:346 - <--- Database building, do not quit --->
2025-06-11 16:28:40.695 | INFO     | __main__:Images:382 - Build new 3d databse successfully
2025-06-11 16:28:40.695 | INFO     | __main__:Images:391 - The database has been closed
2025-06-11 17:50:42.370 | INFO     | __main__:<module>:12 - Start Time: 2025-06-11 17:50:42.370035
2025-06-11 17:50:42.976 | INFO     | __main__:<module>:37 - Yolov7-Pose Model is successfully loaded
2025-06-11 17:50:48.495 | INFO     | __main__:Video:156 - Frame Extraction: 3
2025-06-11 17:50:48.495 | INFO     | __main__:__init__:65 - Detect Mode: Video
2025-06-11 17:50:48.617 | INFO     | __main__:__init__:74 - Video is successfully loaded
2025-06-11 17:50:48.619 | INFO     | __main__:__init__:77 - front video frames: 60.0 left video frames:60.0 right video frames: 60.0
2025-06-11 17:50:48.619 | INFO     | __main__:__init__:81 - video frames: 60.0
2025-06-11 17:51:02.504 | INFO     | __main__:Video:219 - Build database completely
2025-06-11 17:51:02.504 | INFO     | __main__:Video:220 - Total time: 13.884857654571533s
2025-06-11 17:51:02.504 | WARNING  | __main__:Video:225 - <--- Database building, do not quit --->
2025-06-11 17:51:05.213 | INFO     | __main__:Video:261 - Build new 3d databse successfully
2025-06-11 17:51:05.215 | INFO     | __main__:Video:272 - The database has been closed
2025-06-11 17:52:01.160 | INFO     | __main__:<module>:12 - Start Time: 2025-06-11 17:52:01.160003
2025-06-11 17:52:01.653 | INFO     | __main__:<module>:37 - Yolov7-Pose Model is successfully loaded
2025-06-11 17:52:24.777 | INFO     | __main__:Video:156 - Frame Extraction: 1
2025-06-11 17:52:24.777 | INFO     | __main__:__init__:65 - Detect Mode: Video
2025-06-11 17:52:24.782 | INFO     | __main__:__init__:74 - Video is successfully loaded
2025-06-11 17:52:24.782 | INFO     | __main__:__init__:77 - front video frames: 60.0 left video frames:60.0 right video frames: 60.0
2025-06-11 17:52:24.782 | INFO     | __main__:__init__:81 - video frames: 60.0
2025-06-11 17:53:03.850 | INFO     | __main__:Video:219 - Build database completely
2025-06-11 17:53:03.850 | INFO     | __main__:Video:220 - Total time: 39.06431436538696s
2025-06-11 17:53:03.850 | WARNING  | __main__:Video:225 - <--- Database building, do not quit --->
2025-06-11 17:53:12.243 | INFO     | __main__:Video:261 - Build new 3d databse successfully
2025-06-11 17:53:12.245 | INFO     | __main__:Video:272 - The database has been closed
2025-06-11 18:30:09.955 | INFO     | __main__:<module>:12 - Start Time: 2025-06-11 18:30:09.955913
2025-06-11 18:30:10.490 | INFO     | __main__:<module>:37 - Yolov7-Pose Model is successfully loaded
2025-06-11 18:30:14.152 | INFO     | __main__:__init__:84 - Detect Mode: Images
2025-06-11 18:30:17.543 | INFO     | __main__:Images:341 - Build database completely
2025-06-11 18:30:17.543 | INFO     | __main__:Images:342 - Total time: 3.3914554119110107s
2025-06-11 18:30:17.543 | WARNING  | __main__:Images:347 - <--- Database building, do not quit --->
2025-06-11 18:30:18.097 | INFO     | __main__:Images:384 - Build new 3d databse successfully
2025-06-11 18:30:18.097 | INFO     | __main__:Images:393 - The database has been closed
2025-06-11 22:40:22.075 | INFO     | __main__:<module>:12 - Start Time: 2025-06-11 22:40:22.075475
2025-06-11 22:40:22.761 | INFO     | __main__:<module>:37 - Yolov7-Pose Model is successfully loaded
2025-06-11 22:40:28.178 | INFO     | __main__:Video:156 - Frame Extraction: 1
2025-06-11 22:40:28.178 | INFO     | __main__:__init__:65 - Detect Mode: Video
2025-06-11 22:40:28.263 | INFO     | __main__:__init__:74 - Video is successfully loaded
2025-06-11 22:40:28.264 | INFO     | __main__:__init__:77 - front video frames: 60.0 left video frames:60.0 right video frames: 60.0
2025-06-11 22:40:28.264 | INFO     | __main__:__init__:81 - video frames: 60.0
2025-06-11 22:41:12.230 | INFO     | __main__:Video:219 - Build database completely
2025-06-11 22:41:12.231 | INFO     | __main__:Video:220 - Total time: 43.9664044380188s
2025-06-11 22:41:12.231 | WARNING  | __main__:Video:225 - <--- Database building, do not quit --->
2025-06-11 22:41:22.568 | INFO     | __main__:Video:261 - Build new 3d databse successfully
2025-06-11 22:41:22.586 | INFO     | __main__:Video:272 - The database has been closed
2025-07-15 19:30:15.596 | INFO     | __main__:<module>:12 - Start Time: 2025-07-15 19:30:15.596311
2025-07-15 19:30:16.200 | INFO     | __main__:<module>:37 - Yolov7-Pose Model is successfully loaded
2025-07-15 21:35:22.076 | INFO     | __main__:<module>:12 - Start Time: 2025-07-15 21:35:22.076051
2025-07-15 21:35:22.806 | INFO     | __main__:<module>:37 - Yolov7-Pose Model is successfully loaded
2025-07-15 21:35:28.070 | INFO     | __main__:Video:156 - Frame Extraction: 1
2025-07-15 21:35:28.070 | INFO     | __main__:__init__:65 - Detect Mode: Video
2025-07-15 21:35:28.228 | INFO     | __main__:__init__:74 - Video is successfully loaded
2025-07-15 21:35:28.228 | INFO     | __main__:__init__:77 - front video frames: 60.0 left video frames:60.0 right video frames: 60.0
2025-07-15 21:35:28.228 | INFO     | __main__:__init__:81 - video frames: 60.0
2025-07-15 21:36:11.820 | INFO     | __main__:Video:219 - Build database completely
2025-07-15 21:36:11.820 | INFO     | __main__:Video:220 - Total time: 43.591564416885376s
2025-07-15 21:36:11.820 | WARNING  | __main__:Video:225 - <--- Database building, do not quit --->
2025-07-15 21:36:21.636 | INFO     | __main__:Video:261 - Build new 3d databse successfully
2025-07-15 21:36:21.652 | INFO     | __main__:Video:272 - The database has been closed
2025-07-16 15:24:17.866 | INFO     | __main__:<module>:12 - Start Time: 2025-07-16 15:24:17.866775
2025-07-16 15:24:18.672 | INFO     | __main__:<module>:37 - Yolov7-Pose Model is successfully loaded
2025-07-16 15:29:23.389 | INFO     | __main__:<module>:12 - Start Time: 2025-07-16 15:29:23.389274
2025-07-16 15:29:23.389 | INFO     | __main__:<module>:21 - Create a new database......
2025-07-16 15:29:24.086 | INFO     | __main__:<module>:37 - Yolov7-Pose Model is successfully loaded
2025-07-16 15:29:33.373 | INFO     | __main__:__init__:84 - Detect Mode: Images
2025-07-16 15:29:38.970 | INFO     | __main__:Images:341 - Build database completely
2025-07-16 15:29:38.970 | INFO     | __main__:Images:342 - Total time: 5.597418546676636s
2025-07-16 15:29:38.970 | WARNING  | __main__:Images:347 - <--- Database building, do not quit --->
2025-07-16 15:29:40.002 | INFO     | __main__:Images:384 - Build new 3d databse successfully
2025-07-16 15:29:40.003 | INFO     | __main__:Images:393 - The database has been closed
2025-07-16 21:52:09.379 | INFO     | __main__:<module>:12 - Start Time: 2025-07-16 21:52:09.379762
2025-07-16 21:52:10.013 | INFO     | __main__:<module>:37 - Yolov7-Pose Model is successfully loaded
2025-07-16 21:52:21.262 | INFO     | __main__:__init__:84 - Detect Mode: Images
2025-07-16 21:52:26.885 | INFO     | __main__:Images:341 - Build database completely
2025-07-16 21:52:26.885 | INFO     | __main__:Images:342 - Total time: 5.623077869415283s
2025-07-16 21:52:26.885 | WARNING  | __main__:Images:347 - <--- Database building, do not quit --->
2025-07-16 21:52:27.819 | INFO     | __main__:Images:384 - Build new 3d databse successfully
2025-07-16 21:52:27.820 | INFO     | __main__:Images:393 - The database has been closed
2025-07-16 22:10:53.122 | INFO     | __main__:<module>:12 - Start Time: 2025-07-16 22:10:53.122260
2025-07-16 22:10:53.592 | INFO     | __main__:<module>:37 - Yolov7-Pose Model is successfully loaded
2025-07-16 22:10:57.515 | INFO     | __main__:__init__:84 - Detect Mode: Images
2025-07-16 22:11:05.742 | INFO     | __main__:Images:341 - Build database completely
2025-07-16 22:11:05.742 | INFO     | __main__:Images:342 - Total time: 8.227398872375488s
2025-07-16 22:11:05.742 | WARNING  | __main__:Images:347 - <--- Database building, do not quit --->
2025-07-16 22:11:07.459 | INFO     | __main__:Images:384 - Build new 3d databse successfully
2025-07-16 22:11:07.465 | INFO     | __main__:Images:393 - The database has been closed
2025-07-16 22:15:31.832 | INFO     | __main__:<module>:12 - Start Time: 2025-07-16 22:15:31.832985
2025-07-16 22:15:32.314 | INFO     | __main__:<module>:37 - Yolov7-Pose Model is successfully loaded
2025-07-16 22:15:35.700 | INFO     | __main__:__init__:84 - Detect Mode: Images
2025-07-16 22:15:37.469 | INFO     | __main__:Images:341 - Build database completely
2025-07-16 22:15:37.469 | INFO     | __main__:Images:342 - Total time: 1.7692031860351562s
2025-07-16 22:15:37.469 | WARNING  | __main__:Images:347 - <--- Database building, do not quit --->
2025-07-16 22:15:37.767 | INFO     | __main__:Images:384 - Build new 3d databse successfully
2025-07-16 22:15:37.768 | INFO     | __main__:Images:393 - The database has been closed
2025-07-16 22:20:54.160 | INFO     | __main__:<module>:12 - Start Time: 2025-07-16 22:20:54.160705
2025-07-16 22:20:54.698 | INFO     | __main__:<module>:37 - Yolov7-Pose Model is successfully loaded
2025-07-16 22:21:15.216 | INFO     | __main__:Video:156 - Frame Extraction: 1
2025-07-16 22:21:15.216 | INFO     | __main__:__init__:65 - Detect Mode: Video
2025-07-16 22:21:15.330 | INFO     | __main__:__init__:74 - Video is successfully loaded
2025-07-16 22:21:15.331 | INFO     | __main__:__init__:77 - front video frames: 60.0 left video frames:60.0 right video frames: 60.0
2025-07-16 22:21:15.332 | INFO     | __main__:__init__:81 - video frames: 60.0
2025-07-16 22:21:56.152 | INFO     | __main__:Video:219 - Build database completely
2025-07-16 22:21:56.152 | INFO     | __main__:Video:220 - Total time: 40.81999659538269s
2025-07-16 22:21:56.152 | WARNING  | __main__:Video:225 - <--- Database building, do not quit --->
2025-07-16 22:22:04.654 | INFO     | __main__:Video:261 - Build new 3d databse successfully
2025-07-16 22:22:04.661 | INFO     | __main__:Video:272 - The database has been closed
2025-07-16 22:43:37.857 | INFO     | __main__:<module>:12 - Start Time: 2025-07-16 22:43:37.857542
2025-07-16 22:43:38.347 | INFO     | __main__:<module>:37 - Yolov7-Pose Model is successfully loaded
2025-07-16 22:43:41.142 | INFO     | __main__:__init__:84 - Detect Mode: Images
2025-07-16 22:43:47.440 | INFO     | __main__:Images:341 - Build database completely
2025-07-16 22:43:47.440 | INFO     | __main__:Images:342 - Total time: 6.297912836074829s
2025-07-16 22:43:47.441 | WARNING  | __main__:Images:347 - <--- Database building, do not quit --->
2025-07-16 22:43:48.704 | INFO     | __main__:Images:384 - Build new 3d databse successfully
2025-07-16 22:43:48.704 | INFO     | __main__:Images:393 - The database has been closed
2025-07-16 22:46:09.547 | INFO     | __main__:<module>:12 - Start Time: 2025-07-16 22:46:09.547721
2025-07-16 22:46:09.998 | INFO     | __main__:<module>:37 - Yolov7-Pose Model is successfully loaded
2025-07-16 22:46:12.653 | INFO     | __main__:__init__:84 - Detect Mode: Images
2025-07-16 22:46:19.129 | INFO     | __main__:Images:341 - Build database completely
2025-07-16 22:46:19.129 | INFO     | __main__:Images:342 - Total time: 6.475306987762451s
2025-07-16 22:46:19.129 | WARNING  | __main__:Images:347 - <--- Database building, do not quit --->
2025-07-16 22:46:20.480 | INFO     | __main__:Images:384 - Build new 3d databse successfully
2025-07-16 22:46:20.481 | INFO     | __main__:Images:393 - The database has been closed
2025-07-17 16:10:08.898 | INFO     | __main__:<module>:12 - Start Time: 2025-07-17 16:10:08.898077
2025-07-17 16:10:09.532 | INFO     | __main__:<module>:37 - Yolov7-Pose Model is successfully loaded
2025-07-17 16:10:12.233 | INFO     | __main__:__init__:84 - Detect Mode: Images
2025-07-17 16:10:19.117 | INFO     | __main__:Images:341 - Build database completely
2025-07-17 16:10:19.117 | INFO     | __main__:Images:342 - Total time: 6.88450813293457s
2025-07-17 16:10:19.117 | WARNING  | __main__:Images:347 - <--- Database building, do not quit --->
2025-07-17 16:10:20.503 | INFO     | __main__:Images:384 - Build new 3d databse successfully
2025-07-17 16:10:20.503 | INFO     | __main__:Images:393 - The database has been closed
2025-07-17 16:19:09.577 | INFO     | __main__:<module>:12 - Start Time: 2025-07-17 16:19:09.577174
2025-07-17 16:19:10.189 | INFO     | __main__:<module>:37 - Yolov7-Pose Model is successfully loaded
2025-07-17 16:19:12.691 | INFO     | __main__:__init__:84 - Detect Mode: Images
2025-07-17 16:19:20.153 | INFO     | __main__:__init__:84 - Detect Mode: Images
2025-07-17 16:19:20.607 | ERROR    | __main__:Images:324 - Build Table Failed(OperationalError)--->TABLE front_frame_0
2025-07-17 16:19:27.983 | INFO     | __main__:__init__:84 - Detect Mode: Images
2025-07-17 16:19:28.401 | ERROR    | __main__:Images:324 - Build Table Failed(OperationalError)--->TABLE front_frame_0
2025-07-17 16:20:51.188 | INFO     | __main__:<module>:12 - Start Time: 2025-07-17 16:20:51.188653
2025-07-17 16:20:51.189 | INFO     | __main__:<module>:21 - Create a new database......
2025-07-17 16:20:51.708 | INFO     | __main__:<module>:37 - Yolov7-Pose Model is successfully loaded
2025-07-17 16:20:55.079 | INFO     | __main__:__init__:84 - Detect Mode: Images
2025-07-17 16:20:57.413 | INFO     | __main__:Images:341 - Build database completely
2025-07-17 16:20:57.413 | INFO     | __main__:Images:342 - Total time: 2.3347113132476807s
2025-07-17 16:20:57.413 | WARNING  | __main__:Images:347 - <--- Database building, do not quit --->
2025-07-17 16:20:57.835 | INFO     | __main__:Images:384 - Build new 3d databse successfully
2025-07-17 16:20:57.835 | INFO     | __main__:Images:393 - The database has been closed
2025-07-17 16:23:48.504 | INFO     | __main__:<module>:12 - Start Time: 2025-07-17 16:23:48.504148
2025-07-17 16:23:49.024 | INFO     | __main__:<module>:37 - Yolov7-Pose Model is successfully loaded
2025-07-17 16:23:51.638 | INFO     | __main__:Video:156 - Frame Extraction: 1
2025-07-17 16:23:51.639 | INFO     | __main__:__init__:65 - Detect Mode: Video
2025-07-17 16:23:51.740 | INFO     | __main__:__init__:74 - Video is successfully loaded
2025-07-17 16:23:51.742 | INFO     | __main__:__init__:77 - front video frames: 60.0 left video frames:60.0 right video frames: 60.0
2025-07-17 16:23:51.742 | INFO     | __main__:__init__:81 - video frames: 60.0
2025-07-17 16:24:33.564 | INFO     | __main__:Video:219 - Build database completely
2025-07-17 16:24:33.564 | INFO     | __main__:Video:220 - Total time: 41.82205247879028s
2025-07-17 16:24:33.564 | WARNING  | __main__:Video:225 - <--- Database building, do not quit --->
2025-07-17 16:24:42.785 | INFO     | __main__:Video:261 - Build new 3d databse successfully
2025-07-17 16:24:42.787 | INFO     | __main__:Video:272 - The database has been closed
2025-07-17 16:32:31.154 | INFO     | __main__:<module>:12 - Start Time: 2025-07-17 16:32:31.154744
2025-07-17 16:32:31.774 | INFO     | __main__:<module>:37 - Yolov7-Pose Model is successfully loaded
2025-07-17 16:32:35.950 | INFO     | __main__:__init__:84 - Detect Mode: Images
2025-07-17 16:32:40.474 | INFO     | __main__:Images:341 - Build database completely
2025-07-17 16:32:40.474 | INFO     | __main__:Images:342 - Total time: 4.524630308151245s
2025-07-17 16:32:40.474 | WARNING  | __main__:Images:347 - <--- Database building, do not quit --->
2025-07-17 16:32:41.321 | INFO     | __main__:Images:384 - Build new 3d databse successfully
2025-07-17 16:32:41.321 | INFO     | __main__:Images:393 - The database has been closed
2025-07-17 21:09:42.571 | INFO     | __main__:<module>:12 - Start Time: 2025-07-17 21:09:42.571652
2025-07-17 21:09:43.194 | INFO     | __main__:<module>:37 - Yolov7-Pose Model is successfully loaded
2025-07-17 21:09:47.499 | INFO     | __main__:Video:156 - Frame Extraction: 1
2025-07-17 21:09:47.499 | INFO     | __main__:__init__:65 - Detect Mode: Video
2025-07-17 21:09:47.545 | INFO     | __main__:__init__:74 - Video is successfully loaded
2025-07-17 21:09:47.545 | INFO     | __main__:__init__:77 - front video frames: 60.0 left video frames:60.0 right video frames: 60.0
2025-07-17 21:09:47.545 | INFO     | __main__:__init__:81 - video frames: 60.0
2025-07-17 21:10:46.402 | INFO     | __main__:Video:219 - Build database completely
2025-07-17 21:10:46.402 | INFO     | __main__:Video:220 - Total time: 58.856833934783936s
2025-07-17 21:10:46.402 | WARNING  | __main__:Video:225 - <--- Database building, do not quit --->
2025-07-17 21:10:57.029 | INFO     | __main__:Video:261 - Build new 3d databse successfully
2025-07-17 21:10:57.035 | INFO     | __main__:Video:272 - The database has been closed
2025-07-17 21:11:51.518 | INFO     | __main__:<module>:12 - Start Time: 2025-07-17 21:11:51.518138
2025-07-17 21:11:52.019 | INFO     | __main__:<module>:37 - Yolov7-Pose Model is successfully loaded
2025-07-17 21:12:09.484 | INFO     | __main__:<module>:12 - Start Time: 2025-07-17 21:12:09.484252
2025-07-17 21:12:09.968 | INFO     | __main__:<module>:37 - Yolov7-Pose Model is successfully loaded
2025-07-17 21:12:12.560 | INFO     | __main__:Video:156 - Frame Extraction: 1
2025-07-17 21:12:12.560 | INFO     | __main__:__init__:65 - Detect Mode: Video
2025-07-17 21:12:12.568 | INFO     | __main__:__init__:74 - Video is successfully loaded
2025-07-17 21:12:12.568 | INFO     | __main__:__init__:77 - front video frames: 60.0 left video frames:60.0 right video frames: 60.0
2025-07-17 21:12:12.577 | INFO     | __main__:__init__:81 - video frames: 60.0
2025-07-17 21:12:54.038 | INFO     | __main__:Video:219 - Build database completely
2025-07-17 21:12:54.038 | INFO     | __main__:Video:220 - Total time: 41.46069669723511s
2025-07-17 21:12:54.038 | WARNING  | __main__:Video:225 - <--- Database building, do not quit --->
2025-07-17 21:13:03.089 | INFO     | __main__:Video:261 - Build new 3d databse successfully
2025-07-17 21:13:03.102 | INFO     | __main__:Video:272 - The database has been closed
2025-07-17 21:15:39.364 | INFO     | __main__:<module>:12 - Start Time: 2025-07-17 21:15:39.364433
2025-07-17 21:15:39.878 | INFO     | __main__:<module>:37 - Yolov7-Pose Model is successfully loaded
2025-07-17 21:15:42.590 | INFO     | __main__:Video:156 - Frame Extraction: 1
2025-07-17 21:15:42.591 | INFO     | __main__:__init__:65 - Detect Mode: Video
2025-07-17 21:15:42.597 | INFO     | __main__:__init__:74 - Video is successfully loaded
2025-07-17 21:15:42.598 | INFO     | __main__:__init__:77 - front video frames: 60.0 left video frames:60.0 right video frames: 60.0
2025-07-17 21:15:42.598 | INFO     | __main__:__init__:81 - video frames: 60.0
2025-07-17 21:16:24.379 | INFO     | __main__:Video:219 - Build database completely
2025-07-17 21:16:24.379 | INFO     | __main__:Video:220 - Total time: 41.78111672401428s
2025-07-17 21:16:24.379 | WARNING  | __main__:Video:225 - <--- Database building, do not quit --->
2025-07-17 21:16:33.597 | INFO     | __main__:Video:261 - Build new 3d databse successfully
2025-07-17 21:16:33.613 | INFO     | __main__:Video:272 - The database has been closed
2025-07-17 21:56:08.465 | INFO     | __main__:<module>:12 - Start Time: 2025-07-17 21:56:08.465630
2025-07-17 21:56:09.326 | INFO     | __main__:<module>:37 - Yolov7-Pose Model is successfully loaded
2025-07-17 21:56:12.031 | INFO     | __main__:__init__:84 - Detect Mode: Images
2025-07-17 21:56:15.813 | INFO     | __main__:Images:341 - Build database completely
2025-07-17 21:56:15.813 | INFO     | __main__:Images:342 - Total time: 3.782217264175415s
2025-07-17 21:56:15.813 | WARNING  | __main__:Images:347 - <--- Database building, do not quit --->
2025-07-17 21:56:16.526 | INFO     | __main__:Images:384 - Build new 3d databse successfully
2025-07-17 21:56:16.526 | INFO     | __main__:Images:393 - The database has been closed
2025-07-17 22:15:03.377 | INFO     | __main__:<module>:12 - Start Time: 2025-07-17 22:15:03.377143
2025-07-17 22:15:03.912 | INFO     | __main__:<module>:37 - Yolov7-Pose Model is successfully loaded
2025-07-17 22:15:07.528 | INFO     | __main__:__init__:84 - Detect Mode: Images
2025-07-17 22:15:10.030 | INFO     | __main__:Images:341 - Build database completely
2025-07-17 22:15:10.031 | INFO     | __main__:Images:342 - Total time: 2.502756118774414s
2025-07-17 22:15:10.031 | WARNING  | __main__:Images:347 - <--- Database building, do not quit --->
2025-07-17 22:15:10.519 | INFO     | __main__:Images:384 - Build new 3d databse successfully
2025-07-17 22:15:10.521 | INFO     | __main__:Images:393 - The database has been closed
2025-07-17 22:49:23.308 | INFO     | __main__:<module>:12 - Start Time: 2025-07-17 22:49:23.308751
2025-07-17 22:49:23.909 | INFO     | __main__:<module>:37 - Yolov7-Pose Model is successfully loaded
2025-07-17 22:49:26.450 | INFO     | __main__:__init__:84 - Detect Mode: Images
2025-07-17 22:49:29.062 | INFO     | __main__:Images:341 - Build database completely
2025-07-17 22:49:29.062 | INFO     | __main__:Images:342 - Total time: 2.6111574172973633s
2025-07-17 22:49:29.062 | WARNING  | __main__:Images:347 - <--- Database building, do not quit --->
2025-07-17 22:49:29.498 | INFO     | __main__:Images:384 - Build new 3d databse successfully
2025-07-17 22:49:29.498 | INFO     | __main__:Images:393 - The database has been closed
2025-07-17 22:55:54.584 | INFO     | __main__:<module>:12 - Start Time: 2025-07-17 22:55:54.584740
2025-07-17 22:55:55.050 | INFO     | __main__:<module>:37 - Yolov7-Pose Model is successfully loaded
2025-07-17 22:55:59.075 | INFO     | __main__:Video:156 - Frame Extraction: 1
2025-07-17 22:55:59.075 | INFO     | __main__:__init__:65 - Detect Mode: Video
2025-07-17 22:55:59.100 | INFO     | __main__:__init__:74 - Video is successfully loaded
2025-07-17 22:55:59.100 | INFO     | __main__:__init__:77 - front video frames: 60.0 left video frames:60.0 right video frames: 60.0
2025-07-17 22:55:59.101 | INFO     | __main__:__init__:81 - video frames: 60.0
2025-07-17 22:56:42.226 | INFO     | __main__:Video:219 - Build database completely
2025-07-17 22:56:42.226 | INFO     | __main__:Video:220 - Total time: 43.124958753585815s
2025-07-17 22:56:42.226 | WARNING  | __main__:Video:225 - <--- Database building, do not quit --->
2025-07-17 22:56:52.638 | INFO     | __main__:Video:261 - Build new 3d databse successfully
2025-07-17 22:56:52.644 | INFO     | __main__:Video:272 - The database has been closed
2025-07-17 23:01:49.647 | INFO     | __main__:<module>:12 - Start Time: 2025-07-17 23:01:49.647317
2025-07-17 23:01:50.134 | INFO     | __main__:<module>:37 - Yolov7-Pose Model is successfully loaded
2025-07-17 23:01:52.473 | INFO     | __main__:Video:157 - Frame Extraction: 1
2025-07-17 23:01:52.473 | INFO     | __main__:__init__:65 - Detect Mode: Video
2025-07-17 23:01:52.473 | INFO     | __main__:__init__:74 - Video is successfully loaded
2025-07-17 23:01:52.473 | INFO     | __main__:__init__:77 - front video frames: 60.0 left video frames:60.0 right video frames: 60.0
2025-07-17 23:01:52.473 | INFO     | __main__:__init__:81 - video frames: 60.0
2025-07-17 23:03:10.423 | INFO     | __main__:<module>:12 - Start Time: 2025-07-17 23:03:10.423647
2025-07-17 23:03:10.423 | INFO     | __main__:<module>:21 - Create a new database......
2025-07-17 23:03:10.899 | INFO     | __main__:<module>:37 - Yolov7-Pose Model is successfully loaded
2025-07-17 23:03:14.893 | INFO     | __main__:Video:158 - Frame Extraction: 1
2025-07-17 23:03:14.894 | INFO     | __main__:__init__:65 - Detect Mode: Video
2025-07-17 23:03:14.899 | INFO     | __main__:__init__:74 - Video is successfully loaded
2025-07-17 23:03:14.899 | INFO     | __main__:__init__:77 - front video frames: 60.0 left video frames:60.0 right video frames: 60.0
2025-07-17 23:03:14.899 | INFO     | __main__:__init__:81 - video frames: 60.0
2025-07-17 23:03:56.251 | INFO     | __main__:Video:221 - Build database completely
2025-07-17 23:03:56.251 | INFO     | __main__:Video:222 - Total time: 41.351640462875366s
2025-07-17 23:03:56.251 | WARNING  | __main__:Video:227 - <--- Database building, do not quit --->
2025-07-17 23:04:06.300 | INFO     | __main__:Video:263 - Build new 3d databse successfully
2025-07-17 23:04:06.300 | INFO     | __main__:Video:274 - The database has been closed
2025-07-17 23:08:51.714 | INFO     | __main__:<module>:12 - Start Time: 2025-07-17 23:08:51.714004
2025-07-17 23:08:52.220 | INFO     | __main__:<module>:37 - Yolov7-Pose Model is successfully loaded
2025-07-17 23:08:55.967 | INFO     | __main__:__init__:84 - Detect Mode: Images
2025-07-17 23:08:59.838 | INFO     | __main__:Images:343 - Build database completely
2025-07-17 23:08:59.838 | INFO     | __main__:Images:344 - Total time: 3.8707807064056396s
2025-07-17 23:08:59.838 | WARNING  | __main__:Images:349 - <--- Database building, do not quit --->
2025-07-17 23:09:00.544 | INFO     | __main__:Images:386 - Build new 3d databse successfully
2025-07-17 23:09:00.544 | INFO     | __main__:Images:395 - The database has been closed
2025-07-20 23:13:08.049 | INFO     | __main__:<module>:12 - Start Time: 2025-07-20 23:13:08.049655
2025-07-20 23:13:08.051 | INFO     | __main__:<module>:21 - Create a new database......
2025-07-20 23:13:08.623 | INFO     | __main__:<module>:37 - Yolov7-Pose Model is successfully loaded
2025-07-20 23:13:14.360 | INFO     | __main__:__init__:84 - Detect Mode: Images
2025-07-20 23:13:23.168 | INFO     | __main__:Images:343 - Build database completely
2025-07-20 23:13:23.169 | INFO     | __main__:Images:344 - Total time: 8.808829545974731s
2025-07-20 23:13:23.170 | WARNING  | __main__:Images:349 - <--- Database building, do not quit --->
2025-07-20 23:14:33.564 | INFO     | __main__:<module>:12 - Start Time: 2025-07-20 23:14:33.564879
2025-07-20 23:14:34.092 | INFO     | __main__:<module>:37 - Yolov7-Pose Model is successfully loaded
2025-07-20 23:14:37.908 | INFO     | __main__:__init__:84 - Detect Mode: Images
2025-07-20 23:14:48.259 | INFO     | __main__:Images:343 - Build database completely
2025-07-20 23:14:48.259 | INFO     | __main__:Images:344 - Total time: 10.351267576217651s
2025-07-20 23:14:48.259 | WARNING  | __main__:Images:349 - <--- Database building, do not quit --->
2025-07-20 23:14:50.279 | INFO     | __main__:Images:386 - Build new 3d databse successfully
2025-07-20 23:14:50.281 | INFO     | __main__:Images:395 - The database has been closed
2025-07-21 19:18:53.298 | INFO     | __main__:<module>:12 - Start Time: 2025-07-21 19:18:53.298971
2025-07-21 19:18:53.298 | INFO     | __main__:<module>:21 - Create a new database......
2025-07-21 19:18:53.989 | INFO     | __main__:<module>:37 - Yolov7-Pose Model is successfully loaded
2025-07-21 19:19:28.109 | INFO     | __main__:__init__:84 - Detect Mode: Images
2025-07-21 19:19:39.207 | INFO     | __main__:Images:341 - Build database completely
2025-07-21 19:19:39.208 | INFO     | __main__:Images:342 - Total time: 11.09865665435791s
2025-07-21 19:19:39.208 | WARNING  | __main__:Images:347 - <--- Database building, do not quit --->
2025-07-21 19:19:51.376 | INFO     | __main__:__init__:84 - Detect Mode: Images
2025-07-21 19:19:51.866 | ERROR    | __main__:Images:324 - Build Table Failed(OperationalError)--->TABLE front_frame_0
2025-07-21 19:20:01.462 | INFO     | __main__:<module>:12 - Start Time: 2025-07-21 19:20:01.462371
2025-07-21 19:20:01.937 | INFO     | __main__:<module>:37 - Yolov7-Pose Model is successfully loaded
2025-07-21 19:20:16.418 | INFO     | __main__:__init__:84 - Detect Mode: Images
2025-07-21 19:20:27.708 | INFO     | __main__:Images:341 - Build database completely
2025-07-21 19:20:27.708 | INFO     | __main__:Images:342 - Total time: 11.289527654647827s
2025-07-21 19:20:27.708 | WARNING  | __main__:Images:347 - <--- Database building, do not quit --->
2025-07-21 19:20:30.103 | INFO     | __main__:Images:384 - Build new 3d databse successfully
2025-07-21 19:20:30.105 | INFO     | __main__:Images:393 - The database has been closed
2025-07-21 19:49:30.434 | INFO     | __main__:<module>:12 - Start Time: 2025-07-21 19:49:30.434615
2025-07-21 19:49:30.434 | INFO     | __main__:<module>:21 - Create a new database......
2025-07-21 19:49:31.081 | INFO     | __main__:<module>:37 - Yolov7-Pose Model is successfully loaded
2025-07-21 19:49:35.512 | INFO     | __main__:Video:156 - Frame Extraction: 1
2025-07-21 19:49:35.512 | INFO     | __main__:__init__:65 - Detect Mode: Video
2025-07-21 19:49:35.614 | INFO     | __main__:__init__:74 - Video is successfully loaded
2025-07-21 19:49:35.615 | INFO     | __main__:__init__:77 - front video frames: 60.0 left video frames:60.0 right video frames: 60.0
2025-07-21 19:49:35.615 | INFO     | __main__:__init__:81 - video frames: 60.0
2025-07-21 19:50:18.619 | INFO     | __main__:Video:219 - Build database completely
2025-07-21 19:50:18.619 | INFO     | __main__:Video:220 - Total time: 43.0036506652832s
2025-07-21 19:50:18.619 | WARNING  | __main__:Video:225 - <--- Database building, do not quit --->
2025-07-21 19:58:22.069 | INFO     | __main__:<module>:12 - Start Time: 2025-07-21 19:58:22.069996
2025-07-21 19:58:22.569 | INFO     | __main__:<module>:37 - Yolov7-Pose Model is successfully loaded
2025-07-21 19:58:27.480 | INFO     | __main__:Video:156 - Frame Extraction: 1
2025-07-21 19:58:27.481 | INFO     | __main__:__init__:65 - Detect Mode: Video
2025-07-21 19:58:27.487 | INFO     | __main__:__init__:74 - Video is successfully loaded
2025-07-21 19:58:27.487 | INFO     | __main__:__init__:77 - front video frames: 60.0 left video frames:60.0 right video frames: 60.0
2025-07-21 19:58:27.487 | INFO     | __main__:__init__:81 - video frames: 60.0
2025-07-21 19:59:09.205 | INFO     | __main__:Video:219 - Build database completely
2025-07-21 19:59:09.205 | INFO     | __main__:Video:220 - Total time: 41.71669244766235s
2025-07-21 19:59:09.205 | WARNING  | __main__:Video:225 - <--- Database building, do not quit --->
2025-07-21 19:59:18.939 | INFO     | __main__:Video:261 - Build new 3d databse successfully
2025-07-21 19:59:18.953 | INFO     | __main__:Video:272 - The database has been closed
2025-07-21 20:13:28.883 | INFO     | __main__:<module>:12 - Start Time: 2025-07-21 20:13:28.883246
2025-07-21 20:13:28.883 | INFO     | __main__:<module>:21 - Create a new database......
2025-07-21 20:13:29.649 | INFO     | __main__:<module>:37 - Yolov7-Pose Model is successfully loaded
2025-07-21 20:14:01.859 | INFO     | __main__:__init__:84 - Detect Mode: Images
2025-07-21 20:14:07.315 | INFO     | __main__:Images:341 - Build database completely
2025-07-21 20:14:07.315 | INFO     | __main__:Images:342 - Total time: 5.455771207809448s
2025-07-21 20:14:07.315 | WARNING  | __main__:Images:347 - <--- Database building, do not quit --->
2025-07-21 20:14:37.992 | INFO     | __main__:<module>:12 - Start Time: 2025-07-21 20:14:37.992090
2025-07-21 20:14:38.447 | INFO     | __main__:<module>:37 - Yolov7-Pose Model is successfully loaded
2025-07-21 20:14:46.950 | INFO     | __main__:__init__:84 - Detect Mode: Images
2025-07-21 20:14:51.913 | INFO     | __main__:Images:341 - Build database completely
2025-07-21 20:14:51.913 | INFO     | __main__:Images:342 - Total time: 4.963118314743042s
2025-07-21 20:14:51.913 | WARNING  | __main__:Images:347 - <--- Database building, do not quit --->
2025-07-21 20:14:52.842 | INFO     | __main__:Images:384 - Build new 3d databse successfully
2025-07-21 20:14:52.842 | INFO     | __main__:Images:393 - The database has been closed
2025-07-22 16:15:58.349 | INFO     | __main__:<module>:12 - Start Time: 2025-07-22 16:15:58.349446
2025-07-22 16:15:58.349 | INFO     | __main__:<module>:21 - Create a new database......
2025-07-22 16:15:58.839 | INFO     | __main__:<module>:37 - Yolov7-Pose Model is successfully loaded
2025-07-22 16:16:02.856 | INFO     | __main__:__init__:84 - Detect Mode: Images
2025-07-22 16:16:08.164 | INFO     | __main__:Images:342 - Build database completely
2025-07-22 16:16:08.164 | INFO     | __main__:Images:343 - Total time: 5.307579278945923s
2025-07-22 16:16:08.164 | WARNING  | __main__:Images:348 - <--- Database building, do not quit --->
2025-07-22 16:16:29.289 | INFO     | __main__:<module>:12 - Start Time: 2025-07-22 16:16:29.289739
2025-07-22 16:16:29.764 | INFO     | __main__:<module>:37 - Yolov7-Pose Model is successfully loaded
2025-07-22 16:16:33.498 | INFO     | __main__:__init__:84 - Detect Mode: Images
2025-07-22 16:16:37.839 | INFO     | __main__:Images:342 - Build database completely
2025-07-22 16:16:37.839 | INFO     | __main__:Images:343 - Total time: 4.341362237930298s
2025-07-22 16:16:37.839 | WARNING  | __main__:Images:348 - <--- Database building, do not quit --->
2025-07-22 16:16:38.671 | INFO     | __main__:Images:385 - Build new 3d databse successfully
2025-07-22 16:16:38.671 | INFO     | __main__:Images:394 - The database has been closed
2025-07-22 16:40:40.505 | INFO     | __main__:<module>:12 - Start Time: 2025-07-22 16:40:40.505306
2025-07-22 16:40:40.966 | INFO     | __main__:<module>:37 - Yolov7-Pose Model is successfully loaded
2025-07-22 16:40:44.559 | INFO     | __main__:__init__:84 - Detect Mode: Images
2025-07-22 16:40:48.911 | INFO     | __main__:Images:344 - Build database completely
2025-07-22 16:40:48.912 | INFO     | __main__:Images:345 - Total time: 4.352525234222412s
2025-07-22 16:40:48.912 | WARNING  | __main__:Images:350 - <--- Database building, do not quit --->
2025-07-22 16:40:49.842 | INFO     | __main__:Images:387 - Build new 3d databse successfully
2025-07-22 16:40:49.842 | INFO     | __main__:Images:396 - The database has been closed
2025-07-22 16:43:30.319 | INFO     | __main__:<module>:12 - Start Time: 2025-07-22 16:43:30.319382
2025-07-22 16:43:30.752 | INFO     | __main__:<module>:37 - Yolov7-Pose Model is successfully loaded
2025-07-22 16:43:34.169 | INFO     | __main__:__init__:84 - Detect Mode: Images
2025-07-22 16:45:09.131 | INFO     | __main__:<module>:12 - Start Time: 2025-07-22 16:45:09.131673
2025-07-22 16:45:09.132 | INFO     | __main__:<module>:21 - Create a new database......
2025-07-22 16:45:09.571 | INFO     | __main__:<module>:37 - Yolov7-Pose Model is successfully loaded
2025-07-22 16:45:12.685 | INFO     | __main__:__init__:84 - Detect Mode: Images
2025-07-22 16:45:17.019 | INFO     | __main__:Images:344 - Build database completely
2025-07-22 16:45:17.019 | INFO     | __main__:Images:345 - Total time: 4.334280729293823s
2025-07-22 16:45:17.019 | WARNING  | __main__:Images:350 - <--- Database building, do not quit --->
2025-07-22 16:45:17.903 | INFO     | __main__:Images:387 - Build new 3d databse successfully
2025-07-22 16:45:17.903 | INFO     | __main__:Images:396 - The database has been closed
2025-07-22 16:46:20.641 | INFO     | __main__:<module>:12 - Start Time: 2025-07-22 16:46:20.641821
2025-07-22 16:46:21.134 | INFO     | __main__:<module>:37 - Yolov7-Pose Model is successfully loaded
2025-07-22 16:46:24.107 | INFO     | __main__:__init__:84 - Detect Mode: Images
2025-07-22 16:46:28.541 | INFO     | __main__:Images:342 - Build database completely
2025-07-22 16:46:28.541 | INFO     | __main__:Images:343 - Total time: 4.433419942855835s
2025-07-22 16:46:28.542 | WARNING  | __main__:Images:348 - <--- Database building, do not quit --->
2025-07-22 16:46:29.485 | INFO     | __main__:Images:385 - Build new 3d databse successfully
2025-07-22 16:46:29.488 | INFO     | __main__:Images:394 - The database has been closed
2025-07-23 11:39:00.759 | INFO     | __main__:<module>:12 - Start Time: 2025-07-23 11:39:00.759459
2025-07-23 11:39:01.369 | INFO     | __main__:<module>:37 - Yolov7-Pose Model is successfully loaded
2025-07-23 11:39:58.700 | INFO     | __main__:__init__:84 - Detect Mode: Images
2025-07-23 11:40:01.225 | INFO     | __main__:Images:342 - Build database completely
2025-07-23 11:40:01.225 | INFO     | __main__:Images:343 - Total time: 2.523723602294922s
2025-07-23 11:40:01.225 | WARNING  | __main__:Images:348 - <--- Database building, do not quit --->
2025-07-23 11:40:01.536 | INFO     | __main__:Images:385 - Build new 3d databse successfully
2025-07-23 11:40:01.537 | INFO     | __main__:Images:394 - The database has been closed
2025-07-23 20:08:18.307 | INFO     | __main__:<module>:12 - Start Time: 2025-07-23 20:08:18.307837
2025-07-23 20:08:18.780 | INFO     | __main__:<module>:37 - Yolov7-Pose Model is successfully loaded
2025-07-23 20:08:21.732 | INFO     | __main__:__init__:84 - Detect Mode: Images
2025-07-23 20:08:27.032 | INFO     | __main__:Images:342 - Build database completely
2025-07-23 20:08:27.032 | INFO     | __main__:Images:343 - Total time: 5.3000171184539795s
2025-07-23 20:08:27.032 | WARNING  | __main__:Images:348 - <--- Database building, do not quit --->
2025-07-23 20:08:28.145 | INFO     | __main__:Images:385 - Build new 3d databse successfully
2025-07-23 20:08:28.152 | INFO     | __main__:Images:394 - The database has been closed
2025-07-23 20:15:50.312 | INFO     | __main__:<module>:12 - Start Time: 2025-07-23 20:15:50.312234
2025-07-23 20:15:50.652 | INFO     | __main__:<module>:37 - Yolov7-Pose Model is successfully loaded
2025-07-23 20:15:53.421 | INFO     | __main__:__init__:84 - Detect Mode: Images
2025-07-23 20:15:55.137 | INFO     | __main__:Images:342 - Build database completely
2025-07-23 20:15:55.137 | INFO     | __main__:Images:343 - Total time: 1.7156944274902344s
2025-07-23 20:15:55.137 | WARNING  | __main__:Images:348 - <--- Database building, do not quit --->
2025-07-23 20:15:55.403 | INFO     | __main__:Images:385 - Build new 3d databse successfully
2025-07-23 20:15:55.403 | INFO     | __main__:Images:394 - The database has been closed
2025-07-28 17:16:37.453 | INFO     | __main__:<module>:12 - Start Time: 2025-07-28 17:16:37.453139
2025-07-28 17:16:37.454 | INFO     | __main__:<module>:21 - Create a new database......
2025-07-28 17:16:38.124 | INFO     | __main__:<module>:37 - Yolov7-Pose Model is successfully loaded
2025-07-28 17:16:42.216 | INFO     | __main__:Video:157 - Frame Extraction: 1
2025-07-28 17:16:42.216 | INFO     | __main__:__init__:65 - Detect Mode: Video
2025-07-28 17:16:42.309 | INFO     | __main__:__init__:74 - Video is successfully loaded
2025-07-28 17:16:42.311 | INFO     | __main__:__init__:77 - front video frames: 60.0 left video frames:60.0 right video frames: 60.0
2025-07-28 17:16:42.311 | INFO     | __main__:__init__:81 - video frames: 60.0
2025-07-28 17:17:23.744 | INFO     | __main__:Video:220 - Build database completely
2025-07-28 17:17:23.744 | INFO     | __main__:Video:221 - Total time: 41.43228101730347s
2025-07-28 17:17:23.744 | WARNING  | __main__:Video:226 - <--- Database building, do not quit --->
2025-07-28 17:18:30.703 | INFO     | __main__:<module>:12 - Start Time: 2025-07-28 17:18:30.703440
2025-07-28 17:18:31.199 | INFO     | __main__:<module>:37 - Yolov7-Pose Model is successfully loaded
2025-07-28 17:18:48.549 | INFO     | __main__:Video:157 - Frame Extraction: 1
2025-07-28 17:18:48.549 | INFO     | __main__:__init__:65 - Detect Mode: Video
2025-07-28 17:18:48.552 | INFO     | __main__:__init__:74 - Video is successfully loaded
2025-07-28 17:18:48.552 | INFO     | __main__:__init__:77 - front video frames: 60.0 left video frames:60.0 right video frames: 60.0
2025-07-28 17:18:48.552 | INFO     | __main__:__init__:81 - video frames: 60.0
2025-07-28 17:19:29.494 | INFO     | __main__:Video:220 - Build database completely
2025-07-28 17:19:29.494 | INFO     | __main__:Video:221 - Total time: 40.94139122962952s
2025-07-28 17:19:29.494 | WARNING  | __main__:Video:226 - <--- Database building, do not quit --->
2025-07-28 17:19:39.192 | INFO     | __main__:Video:262 - Build new 3d databse successfully
2025-07-28 17:19:39.197 | INFO     | __main__:Video:273 - The database has been closed
2025-07-28 17:22:10.465 | INFO     | __main__:<module>:12 - Start Time: 2025-07-28 17:22:10.465819
2025-07-28 17:22:10.877 | INFO     | __main__:<module>:37 - Yolov7-Pose Model is successfully loaded
2025-07-28 17:22:14.683 | INFO     | __main__:__init__:84 - Detect Mode: Images
2025-07-28 17:22:16.415 | INFO     | __main__:Images:342 - Build database completely
2025-07-28 17:22:16.415 | INFO     | __main__:Images:343 - Total time: 1.7318816184997559s
2025-07-28 17:22:16.415 | WARNING  | __main__:Images:348 - <--- Database building, do not quit --->
2025-07-28 17:22:16.703 | INFO     | __main__:Images:385 - Build new 3d databse successfully
2025-07-28 17:22:16.703 | INFO     | __main__:Images:394 - The database has been closed
2025-07-29 11:49:40.735 | INFO     | __main__:<module>:12 - Start Time: 2025-07-29 11:49:40.735727
2025-07-29 11:49:41.371 | INFO     | __main__:<module>:37 - Yolov7-Pose Model is successfully loaded
2025-07-29 11:50:11.244 | INFO     | __main__:__init__:106 - Detect Mode: Images
2025-07-29 11:50:13.439 | INFO     | __main__:Images:368 - Build database completely
2025-07-29 11:50:13.439 | INFO     | __main__:Images:369 - Total time: 2.194779634475708s
2025-07-29 11:50:13.439 | WARNING  | __main__:Images:374 - <--- Database building, do not quit --->
2025-07-29 11:50:13.754 | INFO     | __main__:Images:411 - Build new 3d databse successfully
2025-07-29 11:50:13.755 | INFO     | __main__:Images:420 - The database has been closed
2025-07-29 11:51:04.681 | INFO     | __main__:<module>:12 - Start Time: 2025-07-29 11:51:04.681377
2025-07-29 11:51:05.127 | INFO     | __main__:<module>:37 - Yolov7-Pose Model is successfully loaded
2025-07-29 11:51:07.734 | INFO     | __main__:__init__:106 - Detect Mode: Images
2025-07-29 11:51:09.496 | INFO     | __main__:Images:368 - Build database completely
2025-07-29 11:51:09.496 | INFO     | __main__:Images:369 - Total time: 1.7626538276672363s
2025-07-29 11:51:09.496 | WARNING  | __main__:Images:374 - <--- Database building, do not quit --->
2025-07-29 11:51:09.835 | INFO     | __main__:Images:415 - Build new 3d databse successfully
2025-07-29 11:51:09.835 | INFO     | __main__:Images:424 - The database has been closed
2025-07-29 23:48:13.493 | INFO     | __main__:<module>:12 - Start Time: 2025-07-29 23:48:13.493101
2025-07-29 23:48:13.971 | INFO     | __main__:<module>:37 - Yolov7-Pose Model is successfully loaded
2025-07-29 23:48:21.650 | INFO     | __main__:__init__:106 - Detect Mode: Images
2025-07-29 23:48:27.439 | INFO     | __main__:Images:368 - Build database completely
2025-07-29 23:48:27.439 | INFO     | __main__:Images:369 - Total time: 5.78881573677063s
2025-07-29 23:48:27.439 | WARNING  | __main__:Images:374 - <--- Database building, do not quit --->
2025-07-29 23:48:28.624 | INFO     | __main__:Images:415 - Build new 3d databse successfully
2025-07-29 23:48:28.624 | INFO     | __main__:Images:424 - The database has been closed
2025-07-30 00:05:32.526 | INFO     | __main__:<module>:12 - Start Time: 2025-07-30 00:05:32.526930
2025-07-30 00:05:33.005 | INFO     | __main__:<module>:37 - Yolov7-Pose Model is successfully loaded
2025-07-30 00:05:36.846 | INFO     | __main__:__init__:106 - Detect Mode: Images
2025-07-30 00:05:38.544 | INFO     | __main__:Images:368 - Build database completely
2025-07-30 00:05:38.544 | INFO     | __main__:Images:369 - Total time: 1.6977863311767578s
2025-07-30 00:05:38.544 | WARNING  | __main__:Images:374 - <--- Database building, do not quit --->
2025-07-30 00:05:38.832 | INFO     | __main__:Images:415 - Build new 3d databse successfully
2025-07-30 00:05:38.833 | INFO     | __main__:Images:424 - The database has been closed
2025-07-30 00:29:15.071 | INFO     | __main__:<module>:12 - Start Time: 2025-07-30 00:29:15.071802
2025-07-30 00:29:15.393 | INFO     | __main__:<module>:37 - Yolov7-Pose Model is successfully loaded
2025-07-30 00:29:18.400 | INFO     | __main__:__init__:106 - Detect Mode: Images
2025-07-30 00:29:20.755 | INFO     | __main__:Images:368 - Build database completely
2025-07-30 00:29:20.755 | INFO     | __main__:Images:369 - Total time: 2.354997396469116s
2025-07-30 00:29:20.755 | WARNING  | __main__:Images:374 - <--- Database building, do not quit --->
2025-07-30 00:29:21.205 | INFO     | __main__:Images:415 - Build new 3d databse successfully
2025-07-30 00:29:21.205 | INFO     | __main__:Images:424 - The database has been closed
2025-08-10 14:22:41.309 | INFO     | __main__:<module>:12 - Start Time: 2025-08-10 14:22:41.309603
2025-08-10 14:22:41.948 | INFO     | __main__:<module>:37 - Yolov7-Pose Model is successfully loaded
